vivienda_id,precio_alquiler,area_m2,presupuesto_usuario,modo_transporte,distancia_km_simulada,tiempo_viaje_min,source_ruta,afinidad_score
3,2750.0,60.0,1200,Bicicleta,10.66,15,osrm,37
4,9000.0,1200.0,1200,Bicicleta,1.13,2,osrm,31
5,4590.0,140.0,1200,Bicicleta,5.82,9,osrm,39
6,2500.0,70.0,1200,Bicicleta,12.59,20,osrm,4
7,1200.0,73.0,1200,Bicicleta,22.52,27,osrm,48
8,3365.0,108.0,1200,Bicicleta,24.48,30,osrm,6
9,1450.0,73.0,1200,Bicicleta,12.67,21,osrm,0
10,3048.0,68.0,1200,Bicicleta,1231.38,1078,osrm,0
11,3600.0,93.0,1200,Bicicleta,1231.38,1078,osrm,0
12,5760.0,110.0,1200,Bicicleta,1231.38,1078,osrm,0
13,2140.0,60.0,1200,Bicicleta,11.41,17,osrm,4
14,2950.0,95.0,1200,Bicicleta,1231.38,1078,osrm,0
15,2700.0,40.0,1200,Bicicleta,1231.38,1078,osrm,0
16,2600.0,40.0,1200,Bicicleta,12.02,16,osrm,8
17,2450.0,56.0,1200,Bicicleta,11.27,16,osrm,0
18,4500.0,140.0,1200,Bicicleta,1231.38,1078,osrm,0
20,8500.0,325.0,1200,Bicicleta,7.09,10,osrm,37
22,3800.0,80.0,1200,Bicicleta,7.5,11,osrm,40
23,2900.0,74.0,1200,Bicicleta,1231.38,1078,osrm,0
24,3500.0,220.0,1200,Bicicleta,37.91,45,osrm,0
25,2600.0,42.0,1200,Bicicleta,12.21,16,osrm,0
26,3205.0,72.0,1200,Bicicleta,1231.38,1078,osrm,0
27,4400.0,100.0,1200,Bicicleta,1231.38,1078,osrm,0
28,2710.0,70.0,1200,Bicicleta,12.67,16,osrm,0
29,2100.0,70.0,1200,Bicicleta,14.43,19,osrm,0
30,8500.0,251.0,1200,Bicicleta,13.82,18,osrm,0
31,6210.0,290.0,1200,Bicicleta,13.73,18,osrm,4
32,2200.0,55.0,1200,Bicicleta,1231.38,1078,osrm,0
33,2527.0,81.0,1200,Bicicleta,1231.38,1078,osrm,0
34,5100.0,121.0,1200,Bicicleta,1231.38,1078,osrm,0
35,3060.0,80.0,1200,Bicicleta,1231.38,1078,osrm,0
36,4100.0,84.0,1200,Bicicleta,1231.38,1078,osrm,0
37,3300.0,98.0,1200,Bicicleta,1231.38,1078,osrm,0
38,2700.0,69.0,1200,Bicicleta,7.0,10,osrm,45
39,2700.0,85.0,1200,Bicicleta,6.98,10,osrm,40
40,2584.0,52.0,1200,Bicicleta,11.05,18,osrm,0
41,8930.0,130.0,1200,Bicicleta,1231.38,1078,osrm,0
42,3709.0,107.0,1200,Bicicleta,1231.38,1078,osrm,0
44,3777.0,62.0,1200,Bicicleta,14.46,21,osrm,3
46,2600.0,52.0,1200,Bicicleta,7.75,11,osrm,37
47,4400.0,84.0,1200,Bicicleta,1231.38,1078,osrm,0
48,6900.0,130.0,1200,Bicicleta,1231.38,1078,osrm,0
49,2333.0,55.0,1200,Bicicleta,12.5,16,osrm,8
50,4500.0,74.0,1200,Bicicleta,1231.38,1078,osrm,0
51,5500.0,160.0,1200,Bicicleta,1231.38,1078,osrm,0
52,1600.0,84.0,1200,Bicicleta,23.5,28,osrm,0
53,3500.0,92.0,1200,Bicicleta,1231.38,1078,osrm,0
54,4836.0,94.0,1200,Bicicleta,11.72,15,osrm,40
56,3380.0,69.0,1200,Bicicleta,1231.38,1078,osrm,0
58,8700.0,333.0,1200,Bicicleta,1231.38,1078,osrm,0
59,3700.0,118.0,1200,Bicicleta,1231.38,1078,osrm,0
60,3280.0,78.0,1200,Bicicleta,1231.38,1078,osrm,0
61,2760.0,58.0,1200,Bicicleta,1231.38,1078,osrm,0
62,4400.0,190.0,1200,Bicicleta,1231.38,1078,osrm,0
63,4300.0,93.0,1200,Bicicleta,1231.38,1078,osrm,0
64,3000.0,78.0,1200,Bicicleta,1231.38,1078,osrm,0
65,2700.0,75.0,1200,Bicicleta,10.26,14,osrm,44
66,4617.0,146.0,1200,Bicicleta,10.08,16,osrm,7
67,3000.0,79.0,1200,Bicicleta,14.28,20,osrm,0
68,2300.0,59.0,1200,Bicicleta,10.92,15,osrm,49
69,2243.0,75.0,1200,Bicicleta,1231.38,1078,osrm,0
70,3990.0,68.0,1200,Bicicleta,1231.38,1078,osrm,0
71,3800.0,69.0,1200,Bicicleta,1231.38,1078,osrm,0
72,2200.0,69.0,1200,Bicicleta,11.26,16,osrm,2
73,3200.0,84.0,1200,Bicicleta,1231.38,1078,osrm,0
75,3350.0,70.0,1200,Bicicleta,1231.38,1078,osrm,0
77,5175.0,135.0,1200,Bicicleta,1231.38,1078,osrm,0
78,5040.0,180.0,1200,Bicicleta,1231.38,1078,osrm,0
79,2510.0,45.0,1200,Bicicleta,12.5,16,osrm,0
80,9400.0,203.0,1200,Bicicleta,1231.38,1078,osrm,0
81,3190.0,63.0,1200,Bicicleta,1231.38,1078,osrm,0
82,3480.0,64.0,1200,Bicicleta,1231.38,1078,osrm,0
83,2780.0,53.0,1200,Bicicleta,1231.38,1078,osrm,0
84,2700.0,43.0,1200,Bicicleta,10.61,17,osrm,0
85,3855.0,76.0,1200,Bicicleta,1231.38,1078,osrm,0
87,6210.0,180.0,1200,Bicicleta,1231.38,1078,osrm,0
88,2800.0,80.0,1200,Bicicleta,1231.38,1078,osrm,0
89,4685.0,100.0,1200,Bicicleta,1231.38,1078,osrm,0
90,2600.0,55.0,1200,Bicicleta,11.0,16,osrm,0
91,6170.0,168.0,1200,Bicicleta,1231.38,1078,osrm,0
92,4140.0,106.0,1200,Bicicleta,1231.38,1078,osrm,0
93,3100.0,85.0,1200,Bicicleta,14.6,21,osrm,0
94,3700.0,92.0,1200,Bicicleta,1231.38,1078,osrm,0
95,7370.0,220.0,1200,Bicicleta,6.42,9,osrm,32
97,9800.0,172.0,1200,Bicicleta,1231.38,1078,osrm,0
98,2400.0,69.0,1200,Bicicleta,1231.38,1078,osrm,0
99,3000.0,100.0,1200,Bicicleta,11.69,17,osrm,0
100,4650.0,100.0,1200,Bicicleta,13.33,18,osrm,7
101,8500.0,200.0,1200,Bicicleta,1231.38,1078,osrm,0
103,5160.0,135.0,1200,Bicicleta,1231.38,1078,osrm,0
104,5780.0,125.0,1200,Bicicleta,11.71,15,osrm,44
105,3790.0,100.0,1200,Bicicleta,1231.38,1078,osrm,0
106,2900.0,71.0,1200,Bicicleta,10.08,14,osrm,50
107,6800.0,154.0,1200,Bicicleta,1231.38,1078,osrm,0
108,4380.0,86.0,1200,Bicicleta,1231.38,1078,osrm,0
109,2530.0,48.0,1200,Bicicleta,11.17,16,osrm,0
110,2360.0,42.0,1200,Bicicleta,10.68,17,osrm,0
112,2900.0,65.0,1200,Bicicleta,1231.38,1078,osrm,0
113,2900.0,69.0,1200,Bicicleta,14.37,21,osrm,1
114,2177.0,40.0,1200,Bicicleta,12.68,16,osrm,2
115,9045.0,316.0,1200,Bicicleta,1231.38,1078,osrm,0
116,2800.0,71.0,1200,Bicicleta,7.46,11,osrm,44
117,3230.0,58.0,1200,Bicicleta,12.7,17,osrm,6
118,7480.0,200.0,1200,Bicicleta,1231.38,1078,osrm,0
122,2400.0,62.0,1200,Bicicleta,12.93,21,osrm,5
123,3200.0,79.0,1200,Bicicleta,13.87,19,osrm,8
124,7400.0,208.0,1200,Bicicleta,11.94,17,osrm,0
125,1700.0,70.0,1200,Bicicleta,13.32,18,osrm,0
126,2600.0,70.0,1200,Bicicleta,13.43,19,osrm,7
127,3777.0,62.0,1200,Bicicleta,11.69,17,osrm,0
128,2057.0,52.0,1200,Bicicleta,11.45,16,osrm,0
129,3000.0,98.0,1200,Bicicleta,13.7,19,osrm,0
130,2200.0,76.0,1200,Bicicleta,13.61,19,osrm,0
131,900.0,54.0,1200,Bicicleta,16.33,27,osrm,51
132,3100.0,64.0,1200,Bicicleta,7.01,11,osrm,48
133,2200.0,55.0,1200,Bicicleta,16.28,23,osrm,0
134,1800.0,61.0,1200,Bicicleta,31.97,41,osrm,0
135,3100.0,67.0,1200,Bicicleta,11.09,15,osrm,32
136,3100.0,63.0,1200,Bicicleta,11.5,16,osrm,4
137,1300.0,31.0,1200,Bicicleta,13.52,19,osrm,0
138,3000.0,114.0,1200,Bicicleta,6.29,9,osrm,31
139,2350.0,60.0,1200,Bicicleta,13.66,19,osrm,8
140,2750.0,46.0,1200,Bicicleta,11.35,16,osrm,7
141,3550.0,124.0,1200,Bicicleta,7.4,10,osrm,41
142,7480.0,300.0,1200,Bicicleta,5.01,8,osrm,32
143,3850.0,60.0,1200,Bicicleta,11.29,17,osrm,0
144,4000.0,100.0,1200,Bicicleta,1231.38,1078,osrm,0
145,4450.0,150.0,1200,Bicicleta,6.01,9,osrm,43
146,7000.0,265.0,1200,Bicicleta,10.19,16,osrm,9
147,2400.0,82.0,1200,Bicicleta,15.28,22,osrm,2
149,3850.0,45.0,1200,Bicicleta,10.71,15,osrm,50
150,4500.0,60.0,1200,Bicicleta,11.68,16,osrm,0
151,999.0,18.0,1200,Bicicleta,7.42,12,osrm,92
152,1200.0,60.0,1200,Bicicleta,23.19,28,osrm,33
153,2450.0,70.0,1200,Bicicleta,16.28,23,osrm,0
154,1850.0,74.0,1200,Bicicleta,15.96,23,osrm,0
155,1700.0,41.0,1200,Bicicleta,15.87,22,osrm,0
156,2800.0,60.0,1200,Bicicleta,10.48,16,osrm,10
157,2500.0,48.0,1200,Bicicleta,11.08,15,osrm,35
158,2300.0,40.0,1200,Bicicleta,11.36,16,osrm,5
159,3852.0,130.0,1200,Bicicleta,5.79,9,osrm,40
160,2750.0,45.0,1200,Bicicleta,10.52,17,osrm,4
161,2650.0,60.0,1200,Bicicleta,11.28,16,osrm,0
162,3500.0,60.0,1200,Bicicleta,10.03,15,osrm,48
163,4300.0,210.0,1200,Bicicleta,5.97,9,osrm,35
164,3325.0,46.0,1200,Bicicleta,11.38,16,osrm,0
165,4200.0,86.0,1200,Bicicleta,10.99,16,osrm,6
166,9760.0,300.0,1200,Bicicleta,11.32,16,osrm,0
167,5650.0,216.0,1200,Bicicleta,10.08,15,osrm,37
168,6960.0,172.0,1200,Bicicleta,6.39,10,osrm,34
171,3660.0,73.0,1200,Bicicleta,11.62,16,osrm,0
172,2800.0,67.0,1200,Bicicleta,11.32,16,osrm,0
173,2700.0,66.0,1200,Bicicleta,13.15,18,osrm,8
174,2098.0,60.0,1200,Bicicleta,15.9,22,osrm,7
175,6840.0,275.0,1200,Bicicleta,6.87,11,osrm,47
176,3750.0,117.0,1200,Bicicleta,10.33,16,osrm,1
177,2300.0,61.0,1200,Bicicleta,13.65,19,osrm,3
178,2700.0,45.0,1200,Bicicleta,11.3,17,osrm,6
180,2800.0,89.0,1200,Bicicleta,13.5,18,osrm,3
181,3400.0,81.0,1200,Bicicleta,10.78,17,osrm,10
183,6840.0,198.0,1200,Bicicleta,11.11,16,osrm,4
184,8500.0,262.0,1200,Bicicleta,6.71,11,osrm,36
185,2590.0,42.0,1200,Bicicleta,10.5,16,osrm,0
186,2200.0,56.0,1200,Bicicleta,15.74,22,osrm,0
188,3400.0,60.0,1200,Bicicleta,10.02,15,osrm,49
190,2500.0,45.0,1200,Bicicleta,11.16,15,osrm,45
192,6420.0,205.0,1200,Bicicleta,6.17,9,osrm,34
193,3230.0,62.0,1200,Bicicleta,10.23,16,osrm,10
195,5100.0,150.0,1200,Bicicleta,10.5,14,osrm,33
196,3905.0,143.0,1200,Bicicleta,15.28,23,osrm,0
197,2200.0,120.0,1200,Bicicleta,6.93,10,osrm,31
199,2800.0,96.0,1200,Bicicleta,7.83,11,osrm,46
200,2650.0,80.0,1200,Bicicleta,7.81,11,osrm,45
201,4930.0,123.0,1200,Bicicleta,1231.38,1078,osrm,0
202,2900.0,95.0,1200,Bicicleta,11.21,16,osrm,2
203,2950.0,46.0,1200,Bicicleta,11.68,16,osrm,7
204,4590.0,100.0,1200,Bicicleta,10.27,15,osrm,35
205,2500.0,85.0,1200,Bicicleta,7.1,11,osrm,32
207,3000.0,78.0,1200,Bicicleta,1231.38,1078,osrm,0
208,4446.0,117.0,1200,Bicicleta,10.88,15,osrm,36
209,5568.0,131.0,1200,Bicicleta,11.17,16,osrm,3
210,5500.0,200.0,1200,Bicicleta,28.89,34,osrm,0
211,3800.0,80.0,1200,Bicicleta,22.31,28,osrm,6
212,3910.0,100.0,1200,Bicicleta,5.87,9,osrm,48
213,4389.0,120.0,1200,Bicicleta,1231.38,1078,osrm,0
214,3200.0,73.0,1200,Bicicleta,9.4,14,osrm,41
215,2700.0,130.0,1200,Bicicleta,6.92,10,osrm,39
216,3600.0,63.0,1200,Bicicleta,11.15,16,osrm,7
218,3481.0,127.0,1200,Bicicleta,5.12,8,osrm,31
219,4050.0,120.0,1200,Bicicleta,11.49,16,osrm,6
220,2300.0,84.0,1200,Bicicleta,6.01,9,osrm,46
221,6300.0,280.0,1200,Bicicleta,10.58,16,osrm,0
222,8625.0,161.0,1200,Bicicleta,11.58,16,osrm,0
223,4650.0,92.0,1200,Bicicleta,7.13,11,osrm,40
224,4150.0,115.0,1200,Bicicleta,7.22,11,osrm,40
225,8510.0,280.0,1200,Bicicleta,7.31,10,osrm,46
227,6000.0,143.0,1200,Bicicleta,10.24,16,osrm,0
228,3276.0,130.0,1200,Bicicleta,6.09,9,osrm,38
230,9716.0,405.0,1200,Bicicleta,6.56,10,osrm,50
231,3500.0,131.0,1200,Bicicleta,5.42,9,osrm,37
232,3000.0,100.0,1200,Bicicleta,7.3,11,osrm,47
233,2000.0,84.0,1200,Bicicleta,16.52,24,osrm,5
234,1750.0,40.0,1200,Bicicleta,5.87,9,osrm,33
235,2200.0,42.0,1200,Bicicleta,12.73,17,osrm,5
236,1800.0,48.0,1200,Bicicleta,12.95,21,osrm,0
237,3100.0,120.0,1200,Bicicleta,1231.38,1078,osrm,0
238,8500.0,180.0,1200,Bicicleta,1231.38,1078,osrm,0
239,3502.0,81.0,1200,Bicicleta,10.25,16,osrm,0
241,3000.0,60.0,1200,Bicicleta,1231.38,1078,osrm,0
242,4342.0,110.0,1200,Bicicleta,1231.38,1078,osrm,0
244,4500.0,2500.0,1200,Bicicleta,10.27,14,osrm,43
245,1250.0,38.0,1200,Bicicleta,4.98,8,osrm,42
246,3430.0,60.0,1200,Bicicleta,1231.38,1078,osrm,0
248,2200.0,70.0,1200,Bicicleta,16.38,23,osrm,0
249,1500.0,153.0,1200,Bicicleta,28.77,37,osrm,4
250,4500.0,2000.0,1200,Bicicleta,5.33,8,osrm,44
251,5900.0,5000.0,1200,Bicicleta,20.45,28,osrm,4
252,3900.0,1012.0,1200,Bicicleta,32.28,40,osrm,0
253,3000.0,1012.0,1200,Bicicleta,20.45,28,osrm,0
254,2200.0,1012.0,1200,Bicicleta,10.65,15,osrm,46
255,6300.0,5000.0,1200,Bicicleta,21.14,25,osrm,0
256,2900.0,3000.0,1200,Bicicleta,25.34,39,osrm,5
257,1500.0,65.0,1200,Bicicleta,12.98,21,osrm,9
258,1800.0,72.0,1200,Bicicleta,16.63,22,osrm,0
259,2300.0,60.0,1200,Bicicleta,16.26,23,osrm,0
260,2600.0,61.0,1200,Bicicleta,1231.38,1078,osrm,0
261,5250.0,110.0,1200,Bicicleta,13.19,17,osrm,0
262,1980.0,41.0,1200,Bicicleta,12.8,17,osrm,8
263,3200.0,105.0,1200,Bicicleta,11.31,16,osrm,0
264,4100.0,120.0,1200,Bicicleta,1231.38,1078,osrm,0
265,4718.0,120.0,1200,Bicicleta,1231.38,1078,osrm,0
266,4250.0,73.0,1200,Bicicleta,1231.38,1078,osrm,0
267,2950.0,64.0,1200,Bicicleta,13.88,18,osrm,4
268,3000.0,75.0,1200,Bicicleta,10.43,14,osrm,36
269,3450.0,80.0,1200,Bicicleta,1231.38,1078,osrm,0
270,2500.0,43.0,1200,Bicicleta,11.69,17,osrm,4
271,2800.0,60.0,1200,Bicicleta,14.62,21,osrm,7
272,4800.0,145.0,1200,Bicicleta,1231.38,1078,osrm,0
273,3450.0,91.0,1200,Bicicleta,1231.38,1078,osrm,0
274,2800.0,89.0,1200,Bicicleta,12.84,17,osrm,8
275,2300.0,72.0,1200,Bicicleta,1231.38,1078,osrm,0
276,2500.0,75.0,1200,Bicicleta,11.07,16,osrm,3
277,1750.0,90.0,1200,Bicicleta,6.97,10,osrm,49
278,3260.0,64.0,1200,Bicicleta,1231.38,1078,osrm,0
279,4040.0,104.0,1200,Bicicleta,1231.38,1078,osrm,0
280,4875.0,115.0,1200,Bicicleta,1231.38,1078,osrm,0
281,4100.0,95.0,1200,Bicicleta,1231.38,1078,osrm,0
282,3000.0,120.0,1200,Bicicleta,5.96,14,osrm,43
283,3259.0,87.0,1200,Bicicleta,1231.38,1078,osrm,0
284,2932.0,70.0,1200,Bicicleta,14.72,21,osrm,0
285,1800.0,75.0,1200,Bicicleta,10.12,14,osrm,39
286,1350.0,55.0,1200,Bicicleta,20.01,29,osrm,1
287,2700.0,70.0,1200,Bicicleta,1231.38,1078,osrm,0
288,4381.0,130.0,1200,Bicicleta,14.63,21,osrm,10
289,3880.0,120.0,1200,Bicicleta,11.05,16,osrm,9
290,2970.0,55.0,1200,Bicicleta,1231.38,1078,osrm,0
291,4300.0,90.0,1200,Bicicleta,1231.38,1078,osrm,0
292,2150.0,0.0,1200,Bicicleta,10.64,15,osrm,44
293,4100.0,130.0,1200,Bicicleta,1231.38,1078,osrm,0
294,2990.0,75.0,1200,Bicicleta,11.21,16,osrm,5
295,2100.0,90.0,1200,Bicicleta,14.72,21,osrm,9
296,2500.0,90.0,1200,Bicicleta,10.86,15,osrm,39
297,7610.0,147.0,1200,Bicicleta,1231.38,1078,osrm,0
298,2300.0,47.0,1200,Bicicleta,11.16,16,osrm,0
299,3500.0,86.0,1200,Bicicleta,10.34,14,osrm,44
300,2659.0,52.0,1200,Bicicleta,1231.38,1078,osrm,0
301,2300.0,70.0,1200,Bicicleta,6.93,10,osrm,48
302,3538.0,70.0,1200,Bicicleta,1231.38,1078,osrm,0
303,4300.0,62.0,1200,Bicicleta,1231.38,1078,osrm,0
304,2639.0,52.0,1200,Bicicleta,1231.38,1078,osrm,0
305,3240.0,61.0,1200,Bicicleta,1231.38,1078,osrm,0
306,2350.0,46.0,1200,Bicicleta,14.46,21,osrm,2
307,4450.0,130.0,1200,Bicicleta,1231.38,1078,osrm,0
308,5527.0,200.0,1200,Bicicleta,1231.38,1078,osrm,0
309,2500.0,51.0,1200,Bicicleta,11.68,15,osrm,39
310,4200.0,77.0,1200,Bicicleta,1231.38,1078,osrm,0
311,2000.0,60.0,1200,Bicicleta,7.16,11,osrm,43
312,4800.0,120.0,1200,Bicicleta,12.32,15,osrm,40
313,2300.0,60.0,1200,Bicicleta,13.07,17,osrm,0
314,3690.0,80.0,1200,Bicicleta,1231.38,1078,osrm,0
315,2271.0,42.0,1200,Bicicleta,12.45,16,osrm,6
316,2900.0,70.0,1200,Bicicleta,1231.38,1078,osrm,0
317,2999.0,75.0,1200,Bicicleta,10.43,15,osrm,42
318,1850.0,45.0,1200,Bicicleta,11.78,15,osrm,49
319,3400.0,75.0,1200,Bicicleta,10.51,15,osrm,35
320,2400.0,64.0,1200,Bicicleta,10.73,17,osrm,0
321,2000.0,60.0,1200,Bicicleta,10.35,17,osrm,6
322,3500.0,88.0,1200,Bicicleta,1231.38,1078,osrm,0
323,3500.0,88.0,1200,Bicicleta,12.84,17,osrm,0
324,2300.0,52.0,1200,Bicicleta,10.08,14,osrm,31
325,4250.0,100.0,1200,Bicicleta,1231.38,1078,osrm,0
326,3700.0,76.0,1200,Bicicleta,1231.38,1078,osrm,0
327,2450.0,70.0,1200,Bicicleta,14.56,20,osrm,5
328,4650.0,100.0,1200,Bicicleta,1231.38,1078,osrm,0
329,2400.0,47.0,1200,Bicicleta,13.35,18,osrm,0
330,2400.0,50.0,1200,Bicicleta,14.5,21,osrm,0
332,2200.0,43.0,1200,Bicicleta,12.68,16,osrm,0
333,3150.0,98.0,1200,Bicicleta,1231.38,1078,osrm,0
334,3258.0,100.0,1200,Bicicleta,1231.38,1078,osrm,0
335,3500.0,97.0,1200,Bicicleta,1231.38,1078,osrm,0
336,6174.0,140.0,1200,Bicicleta,1231.38,1078,osrm,0
337,2776.0,41.0,1200,Bicicleta,1231.38,1078,osrm,0
338,4300.0,128.0,1200,Bicicleta,1231.38,1078,osrm,0
339,1500.0,120.0,1200,Bicicleta,24.37,29,osrm,0
340,2770.0,55.0,1200,Bicicleta,1231.38,1078,osrm,0
341,2550.0,40.0,1200,Bicicleta,13.22,17,osrm,0
342,2890.0,60.0,1200,Bicicleta,1231.38,1078,osrm,0
343,3500.0,84.0,1200,Bicicleta,1231.38,1078,osrm,0
344,2420.0,60.0,1200,Bicicleta,1231.38,1078,osrm,0
345,3700.0,80.0,1200,Bicicleta,7.18,10,osrm,37
346,5175.0,120.0,1200,Bicicleta,1231.38,1078,osrm,0
347,1700.0,60.0,1200,Bicicleta,11.2,16,osrm,0
348,1700.0,60.0,1200,Bicicleta,11.05,16,osrm,0
349,8000.0,305.0,1200,Bicicleta,1231.38,1078,osrm,0
350,3500.0,74.0,1200,Bicicleta,11.12,18,osrm,0
351,2300.0,70.0,1200,Bicicleta,13.27,17,osrm,10
353,2300.0,60.0,1200,Bicicleta,10.64,17,osrm,0
354,2500.0,78.0,1200,Bicicleta,1231.38,1078,osrm,0
355,5190.0,140.0,1200,Bicicleta,12.13,16,osrm,1
356,2933.0,110.0,1200,Bicicleta,1231.38,1078,osrm,0
357,3400.0,90.0,1200,Bicicleta,11.17,18,osrm,0
358,2500.0,49.0,1200,Bicicleta,10.5,15,osrm,34
359,2750.0,61.0,1200,Bicicleta,14.37,21,osrm,5
360,5160.0,102.0,1200,Bicicleta,1231.38,1078,osrm,0
361,2900.0,52.0,1200,Bicicleta,1231.38,1078,osrm,0
362,2250.0,65.0,1200,Bicicleta,1231.38,1078,osrm,0
364,2900.0,60.0,1200,Bicicleta,1231.38,1078,osrm,0
365,3100.0,65.0,1200,Bicicleta,8.86,14,osrm,34
366,2400.0,55.0,1200,Bicicleta,7.78,11,osrm,33
367,3800.0,64.0,1200,Bicicleta,12.17,16,osrm,4
368,4140.0,86.0,1200,Bicicleta,1231.38,1078,osrm,0
369,2800.0,61.0,1200,Bicicleta,10.47,16,osrm,3
370,3500.0,81.0,1200,Bicicleta,1231.38,1078,osrm,0
371,2000.0,78.0,1200,Bicicleta,14.42,20,osrm,0
372,4020.0,103.0,1200,Bicicleta,1231.38,1078,osrm,0
373,6120.0,135.0,1200,Bicicleta,1231.38,1078,osrm,0
375,3315.0,70.0,1200,Bicicleta,15.15,22,osrm,0
376,2200.0,48.0,1200,Bicicleta,13.01,17,osrm,4
377,2600.0,60.0,1200,Bicicleta,10.63,17,osrm,2
378,3600.0,87.0,1200,Bicicleta,1231.38,1078,osrm,0
379,2700.0,70.0,1200,Bicicleta,1231.38,1078,osrm,0
380,7550.0,200.0,1200,Bicicleta,1231.38,1078,osrm,0
381,3500.0,138.0,1200,Bicicleta,1231.38,1078,osrm,0
382,8395.0,200.0,1200,Bicicleta,1231.38,1078,osrm,0
383,2970.0,73.0,1200,Bicicleta,10.24,14,osrm,45
384,3000.0,92.0,1200,Bicicleta,14.23,20,osrm,0
385,2620.0,80.0,1200,Bicicleta,11.29,19,osrm,0
387,2250.0,42.0,1200,Bicicleta,12.77,17,osrm,5
388,2898.0,70.0,1200,Bicicleta,7.17,11,osrm,47
389,9000.0,130.0,1200,Bicicleta,1231.38,1078,osrm,0
390,2300.0,93.0,1200,Bicicleta,7.32,11,osrm,31
391,2500.0,79.0,1200,Bicicleta,9.64,16,osrm,0
392,9436.0,233.0,1200,Bicicleta,13.94,19,osrm,7
394,2400.0,52.0,1200,Bicicleta,1231.38,1078,osrm,0
397,2900.0,55.0,1200,Bicicleta,1231.38,1078,osrm,0
398,4020.0,131.0,1200,Bicicleta,10.8,17,osrm,0
400,3000.0,75.0,1200,Bicicleta,1231.38,1078,osrm,0
401,2900.0,80.0,1200,Bicicleta,1231.38,1078,osrm,0
402,6800.0,182.0,1200,Bicicleta,1231.38,1078,osrm,0
403,8027.0,207.0,1200,Bicicleta,10.71,17,osrm,0
405,4500.0,2500.0,1200,Bicicleta,20.79,31,osrm,0
406,3050.0,52.0,1200,Bicicleta,1231.38,1078,osrm,0
407,2600.0,48.0,1200,Bicicleta,1231.38,1078,osrm,0
408,3385.0,65.0,1200,Bicicleta,1231.38,1078,osrm,0
409,2995.0,75.0,1200,Bicicleta,1231.38,1078,osrm,0
410,7875.0,160.0,1200,Bicicleta,7.29,11,osrm,32
411,2600.0,90.0,1200,Bicicleta,14.53,21,osrm,0
412,3780.0,60.0,1200,Bicicleta,11.16,15,osrm,32
414,1790.0,74.0,1200,Bicicleta,6.01,9,osrm,47
415,5075.0,154.0,1200,Bicicleta,10.47,16,osrm,0
416,6120.0,100.0,1200,Bicicleta,11.66,16,osrm,0
417,2950.0,85.0,1200,Bicicleta,13.53,20,osrm,2
418,3200.0,121.0,1200,Bicicleta,11.35,16,osrm,0
419,7200.0,388.0,1200,Bicicleta,11.58,16,osrm,10
420,3360.0,50.0,1200,Bicicleta,10.89,16,osrm,0
421,3500.0,160.0,1200,Bicicleta,1231.38,1078,osrm,0
422,3400.0,80.0,1200,Bicicleta,12.83,18,osrm,0
423,2700.0,63.0,1200,Bicicleta,13.63,19,osrm,2
424,1700.0,70.0,1200,Bicicleta,14.09,18,osrm,0
425,3500.0,97.0,1200,Bicicleta,10.18,16,osrm,0
426,3450.0,144.0,1200,Bicicleta,21.89,27,osrm,0
427,1850.0,41.0,1200,Bicicleta,11.61,16,osrm,4
428,4231.0,62.0,1200,Bicicleta,10.39,16,osrm,5
429,2600.0,45.0,1200,Bicicleta,11.36,17,osrm,0
430,2950.0,140.0,1200,Bicicleta,16.49,23,osrm,9
431,2500.0,89.0,1200,Bicicleta,16.4,23,osrm,4
432,2600.0,118.0,1200,Bicicleta,6.01,9,osrm,41
433,2500.0,102.0,1200,Bicicleta,6.57,10,osrm,44
434,5250.0,63.0,1200,Bicicleta,11.81,17,osrm,9
435,2200.0,46.0,1200,Bicicleta,10.86,16,osrm,0
436,3000.0,84.0,1200,Bicicleta,13.02,18,osrm,0
437,3750.0,100.0,1200,Bicicleta,6.03,9,osrm,33
438,3350.0,135.0,1200,Bicicleta,15.82,23,osrm,0
439,7980.0,151.0,1200,Bicicleta,10.92,15,osrm,48
440,3150.0,93.0,1200,Bicicleta,14.07,20,osrm,0
442,2500.0,110.0,1200,Bicicleta,15.72,23,osrm,6
443,2933.0,63.0,1200,Bicicleta,11.55,16,osrm,4
444,1600.0,68.0,1200,Bicicleta,4.41,8,osrm,41
445,2100.0,65.0,1200,Bicicleta,14.25,20,osrm,0
446,2700.0,45.0,1200,Bicicleta,10.71,15,osrm,44
447,2750.0,80.0,1200,Bicicleta,22.14,27,osrm,0
448,2700.0,43.0,1200,Bicicleta,10.75,16,osrm,1
449,2850.0,58.0,1200,Bicicleta,13.97,19,osrm,1
450,2850.0,58.0,1200,Bicicleta,7.47,11,osrm,39
451,8675.0,440.0,1200,Bicicleta,6.17,10,osrm,39
452,4200.0,147.0,1200,Bicicleta,6.69,11,osrm,39
453,2500.0,47.0,1200,Bicicleta,9.85,15,osrm,31
454,2058.0,45.0,1200,Bicicleta,14.64,18,osrm,8
456,1000.0,40.0,1200,Bicicleta,16.65,24,osrm,44
457,2700.0,63.0,1200,Bicicleta,7.04,10,osrm,36
458,5200.0,120.0,1200,Bicicleta,13.54,19,osrm,2
459,2250.0,40.0,1200,Bicicleta,13.64,19,osrm,6
460,1600.0,78.0,1200,Bicicleta,6.43,9,osrm,49
461,2600.0,104.0,1200,Bicicleta,7.23,11,osrm,33
462,4032.0,60.0,1200,Bicicleta,11.64,17,osrm,0
463,2500.0,59.0,1200,Bicicleta,13.44,19,osrm,0
464,3700.0,62.0,1200,Bicicleta,10.89,16,osrm,0
465,3987.0,66.0,1200,Bicicleta,10.94,15,osrm,40
466,1500.0,60.0,1200,Bicicleta,16.48,23,osrm,9
467,1800.0,61.0,1200,Bicicleta,16.52,24,osrm,0
468,3100.0,80.0,1200,Bicicleta,13.74,19,osrm,0
469,3300.0,66.0,1200,Bicicleta,13.88,19,osrm,0
470,2600.0,80.0,1200,Bicicleta,5.95,9,osrm,38
471,2300.0,77.0,1200,Bicicleta,15.31,22,osrm,0
473,2100.0,56.0,1200,Bicicleta,11.51,16,osrm,0
474,3000.0,100.0,1200,Bicicleta,15.21,22,osrm,0
475,2700.0,70.0,1200,Bicicleta,6.82,10,osrm,36
476,2400.0,42.0,1200,Bicicleta,13.93,20,osrm,3
477,2700.0,49.0,1200,Bicicleta,9.96,15,osrm,34
478,8050.0,216.0,1200,Bicicleta,11.23,16,osrm,0
479,1900.0,43.0,1200,Bicicleta,7.86,11,osrm,44
480,4200.0,147.0,1200,Bicicleta,7.15,11,osrm,38
481,1900.0,43.0,1200,Bicicleta,6.66,10,osrm,32
482,4200.0,147.0,1200,Bicicleta,5.97,14,osrm,42
483,4000.0,45.0,1200,Bicicleta,9.96,15,osrm,37
487,2000.0,47.0,1200,Bicicleta,15.69,23,osrm,0
488,1850.0,44.0,1200,Bicicleta,15.16,22,osrm,7
489,9254.0,170.0,1200,Bicicleta,10.64,16,osrm,2
490,3000.0,69.0,1200,Bicicleta,17.11,24,osrm,0
491,3500.0,73.0,1200,Bicicleta,11.11,15,osrm,38
492,1900.0,45.0,1200,Bicicleta,16.08,24,osrm,0
493,2100.0,57.0,1200,Bicicleta,14.9,22,osrm,0
494,2300.0,45.0,1200,Bicicleta,10.42,16,osrm,7
495,7590.0,217.0,1200,Bicicleta,1231.38,1078,osrm,0
497,3150.0,84.0,1200,Bicicleta,1231.38,1078,osrm,0
498,6400.0,177.0,1200,Bicicleta,10.12,16,osrm,0
499,3000.0,108.0,1200,Bicicleta,6.52,10,osrm,50
504,4100.0,142.0,1200,Bicicleta,6.27,9,osrm,43
506,2400.0,50.0,1200,Bicicleta,11.3,16,osrm,5
507,1700.0,40.0,1200,Bicicleta,15.24,22,osrm,0
508,1600.0,50.0,1200,Bicicleta,6.43,10,osrm,39
509,3700.0,120.0,1200,Bicicleta,11.43,16,osrm,6
3,2750.0,60.0,3500,Auto,2.96,5,osrm,79
4,9000.0,1200.0,3500,Auto,8.06,12,osrm,46
5,4590.0,140.0,3500,Auto,6.07,9,osrm,53
6,2500.0,70.0,3500,Auto,7.07,11,osrm,100
7,1200.0,73.0,3500,Auto,15.27,19,osrm,70
8,3365.0,108.0,3500,Auto,16.98,23,osrm,55
9,1450.0,73.0,3500,Auto,7.15,11,osrm,100
10,3048.0,68.0,3500,Auto,1231.72,1081,osrm,41
11,3600.0,93.0,3500,Auto,1231.72,1081,osrm,0
12,5760.0,110.0,3500,Auto,1231.72,1081,osrm,0
13,2140.0,60.0,3500,Auto,6.89,10,osrm,79
14,2950.0,95.0,3500,Auto,1231.72,1081,osrm,29
15,2700.0,40.0,3500,Auto,1231.72,1081,osrm,29
16,2600.0,40.0,3500,Auto,7.51,9,osrm,94
17,2450.0,56.0,3500,Auto,3.48,6,osrm,94
18,4500.0,140.0,3500,Auto,1231.72,1081,osrm,0
20,8500.0,325.0,3500,Auto,2.06,3,osrm,62
22,3800.0,80.0,3500,Auto,2.91,5,osrm,46
23,2900.0,74.0,3500,Auto,1231.72,1081,osrm,36
24,3500.0,220.0,3500,Auto,30.41,39,osrm,62
25,2600.0,42.0,3500,Auto,7.69,9,osrm,75
26,3205.0,72.0,3500,Auto,1231.72,1081,osrm,34
27,4400.0,100.0,3500,Auto,1231.72,1081,osrm,0
28,2710.0,70.0,3500,Auto,7.16,9,osrm,97
29,2100.0,70.0,3500,Auto,10.35,14,osrm,100
30,8500.0,251.0,3500,Auto,9.73,13,osrm,53
31,6210.0,290.0,3500,Auto,11.94,17,osrm,19
32,2200.0,55.0,3500,Auto,1231.72,1081,osrm,27
33,2527.0,81.0,3500,Auto,1231.72,1081,osrm,41
34,5100.0,121.0,3500,Auto,1231.72,1081,osrm,0
35,3060.0,80.0,3500,Auto,1231.72,1081,osrm,38
36,4100.0,84.0,3500,Auto,1231.72,1081,osrm,0
37,3300.0,98.0,3500,Auto,1231.72,1081,osrm,39
38,2700.0,69.0,3500,Auto,1.73,3,osrm,99
39,2700.0,85.0,3500,Auto,2.17,4,osrm,100
40,2584.0,52.0,3500,Auto,7.38,11,osrm,89
41,8930.0,130.0,3500,Auto,1231.72,1081,osrm,2
42,3709.0,107.0,3500,Auto,1231.72,1081,osrm,0
44,3777.0,62.0,3500,Auto,6.76,12,osrm,58
46,2600.0,52.0,3500,Auto,1.93,3,osrm,77
47,4400.0,84.0,3500,Auto,1231.72,1081,osrm,3
48,6900.0,130.0,3500,Auto,1231.72,1081,osrm,0
49,2333.0,55.0,3500,Auto,7.99,9,osrm,93
50,4500.0,74.0,3500,Auto,1231.72,1081,osrm,0
51,5500.0,160.0,3500,Auto,1231.72,1081,osrm,0
52,1600.0,84.0,3500,Auto,16.0,21,osrm,67
53,3500.0,92.0,3500,Auto,1231.72,1081,osrm,42
54,4836.0,94.0,3500,Auto,7.2,9,osrm,54
56,3380.0,69.0,3500,Auto,1231.72,1081,osrm,44
58,8700.0,333.0,3500,Auto,1231.72,1081,osrm,0
59,3700.0,118.0,3500,Auto,1231.72,1081,osrm,5
60,3280.0,78.0,3500,Auto,1231.72,1081,osrm,35
61,2760.0,58.0,3500,Auto,1231.72,1081,osrm,34
62,4400.0,190.0,3500,Auto,1231.72,1081,osrm,0
63,4300.0,93.0,3500,Auto,1231.72,1081,osrm,0
64,3000.0,78.0,3500,Auto,1231.72,1081,osrm,47
65,2700.0,75.0,3500,Auto,2.9,5,osrm,100
66,4617.0,146.0,3500,Auto,6.92,9,osrm,65
67,3000.0,79.0,3500,Auto,6.58,11,osrm,100
68,2300.0,59.0,3500,Auto,3.23,6,osrm,95
69,2243.0,75.0,3500,Auto,1231.72,1081,osrm,37
70,3990.0,68.0,3500,Auto,1231.72,1081,osrm,0
71,3800.0,69.0,3500,Auto,1231.72,1081,osrm,0
72,2200.0,69.0,3500,Auto,3.47,6,osrm,100
73,3200.0,84.0,3500,Auto,1231.72,1081,osrm,40
75,3350.0,70.0,3500,Auto,1231.72,1081,osrm,36
77,5175.0,135.0,3500,Auto,1231.72,1081,osrm,4
78,5040.0,180.0,3500,Auto,1231.72,1081,osrm,0
79,2510.0,45.0,3500,Auto,7.89,11,osrm,88
80,9400.0,203.0,3500,Auto,1231.72,1081,osrm,0
81,3190.0,63.0,3500,Auto,1231.72,1081,osrm,43
82,3480.0,64.0,3500,Auto,1231.72,1081,osrm,34
83,2780.0,53.0,3500,Auto,1231.72,1081,osrm,31
84,2700.0,43.0,3500,Auto,7.45,10,osrm,91
85,3855.0,76.0,3500,Auto,1231.72,1081,osrm,0
87,6210.0,180.0,3500,Auto,1231.72,1081,osrm,1
88,2800.0,80.0,3500,Auto,1231.72,1081,osrm,46
89,4685.0,100.0,3500,Auto,1231.72,1081,osrm,0
90,2600.0,55.0,3500,Auto,3.2,6,osrm,87
91,6170.0,168.0,3500,Auto,1231.72,1081,osrm,1
92,4140.0,106.0,3500,Auto,1231.72,1081,osrm,0
93,3100.0,85.0,3500,Auto,6.9,12,osrm,100
94,3700.0,92.0,3500,Auto,1231.72,1081,osrm,0
95,7370.0,220.0,3500,Auto,10.58,14,osrm,65
97,9800.0,172.0,3500,Auto,1231.72,1081,osrm,0
98,2400.0,69.0,3500,Auto,1231.72,1081,osrm,47
99,3000.0,100.0,3500,Auto,4.33,7,osrm,100
100,4650.0,100.0,3500,Auto,7.8,12,osrm,50
101,8500.0,200.0,3500,Auto,1231.72,1081,osrm,0
103,5160.0,135.0,3500,Auto,1231.72,1081,osrm,2
104,5780.0,125.0,3500,Auto,7.2,9,osrm,48
105,3790.0,100.0,3500,Auto,1231.72,1081,osrm,0
106,2900.0,71.0,3500,Auto,2.76,5,osrm,100
107,6800.0,154.0,3500,Auto,1231.72,1081,osrm,4
108,4380.0,86.0,3500,Auto,1231.72,1081,osrm,0
109,2530.0,48.0,3500,Auto,3.37,6,osrm,89
110,2360.0,42.0,3500,Auto,7.51,11,osrm,79
112,2900.0,65.0,3500,Auto,1231.72,1081,osrm,46
113,2900.0,69.0,3500,Auto,6.67,12,osrm,99
114,2177.0,40.0,3500,Auto,8.06,12,osrm,81
115,9045.0,316.0,3500,Auto,1231.72,1081,osrm,0
116,2800.0,71.0,3500,Auto,1.52,3,osrm,92
117,3230.0,58.0,3500,Auto,8.37,12,osrm,83
118,7480.0,200.0,3500,Auto,1231.72,1081,osrm,0
122,2400.0,62.0,3500,Auto,7.41,11,osrm,100
123,3200.0,79.0,3500,Auto,6.3,9,osrm,89
124,7400.0,208.0,3500,Auto,3.55,7,osrm,58
125,1700.0,70.0,3500,Auto,5.75,8,osrm,100
126,2600.0,70.0,3500,Auto,5.87,9,osrm,98
127,3777.0,62.0,3500,Auto,3.14,6,osrm,53
128,2057.0,52.0,3500,Auto,3.35,6,osrm,84
129,3000.0,98.0,3500,Auto,6.14,9,osrm,100
130,2200.0,76.0,3500,Auto,6.05,9,osrm,100
131,900.0,54.0,3500,Auto,16.53,27,osrm,57
132,3100.0,64.0,3500,Auto,6.12,9,osrm,96
133,2200.0,55.0,3500,Auto,8.58,14,osrm,89
134,1800.0,61.0,3500,Auto,24.47,35,osrm,57
135,3100.0,67.0,3500,Auto,3.39,6,osrm,91
136,3100.0,63.0,3500,Auto,3.02,6,osrm,96
137,1300.0,31.0,3500,Auto,5.96,9,osrm,85
138,3000.0,114.0,3500,Auto,6.09,10,osrm,93
139,2350.0,60.0,3500,Auto,6.1,9,osrm,85
140,2750.0,46.0,3500,Auto,2.87,5,osrm,89
141,3550.0,124.0,3500,Auto,7.1,11,osrm,61
142,7480.0,300.0,3500,Auto,3.24,6,osrm,54
143,3850.0,60.0,3500,Auto,3.51,6,osrm,48
144,4000.0,100.0,3500,Auto,1231.72,1081,osrm,0
145,4450.0,150.0,3500,Auto,6.22,9,osrm,62
146,7000.0,265.0,3500,Auto,2.53,5,osrm,57
147,2400.0,82.0,3500,Auto,7.58,13,osrm,100
149,3850.0,45.0,3500,Auto,3.02,5,osrm,45
150,4500.0,60.0,3500,Auto,3.3,6,osrm,47
151,999.0,18.0,3500,Auto,6.03,9,osrm,89
152,1200.0,60.0,3500,Auto,15.69,21,osrm,50
153,2450.0,70.0,3500,Auto,8.58,14,osrm,100
154,1850.0,74.0,3500,Auto,8.26,14,osrm,100
155,1700.0,41.0,3500,Auto,8.17,13,osrm,81
156,2800.0,60.0,3500,Auto,2.83,5,osrm,78
157,2500.0,48.0,3500,Auto,3.38,6,osrm,83
158,2300.0,40.0,3500,Auto,3.66,6,osrm,93
159,3852.0,130.0,3500,Auto,6.32,10,osrm,57
160,2750.0,45.0,3500,Auto,2.87,6,osrm,92
161,2650.0,60.0,3500,Auto,2.74,6,osrm,85
162,3500.0,60.0,3500,Auto,2.37,5,osrm,77
163,4300.0,210.0,3500,Auto,6.18,9,osrm,64
164,3325.0,46.0,3500,Auto,2.91,5,osrm,85
165,4200.0,86.0,3500,Auto,3.33,6,osrm,47
166,9760.0,300.0,3500,Auto,3.62,6,osrm,57
167,5650.0,216.0,3500,Auto,2.43,5,osrm,59
168,6960.0,172.0,3500,Auto,2.96,6,osrm,56
171,3660.0,73.0,3500,Auto,3.23,6,osrm,56
172,2800.0,67.0,3500,Auto,2.78,5,osrm,100
173,2700.0,66.0,3500,Auto,5.59,8,osrm,100
174,2098.0,60.0,3500,Auto,8.21,13,osrm,82
175,6840.0,275.0,3500,Auto,5.73,8,osrm,64
176,3750.0,117.0,3500,Auto,2.67,5,osrm,57
177,2300.0,61.0,3500,Auto,6.08,9,osrm,100
178,2700.0,45.0,3500,Auto,3.52,6,osrm,91
180,2800.0,89.0,3500,Auto,5.93,9,osrm,97
181,3400.0,81.0,3500,Auto,3.12,6,osrm,100
183,6840.0,198.0,3500,Auto,3.33,6,osrm,51
184,8500.0,262.0,3500,Auto,5.31,8,osrm,61
185,2590.0,42.0,3500,Auto,2.85,5,osrm,80
186,2200.0,56.0,3500,Auto,8.17,13,osrm,80
188,3400.0,60.0,3500,Auto,2.36,4,osrm,77
190,2500.0,45.0,3500,Auto,2.54,5,osrm,94
192,6420.0,205.0,3500,Auto,5.86,9,osrm,47
193,3230.0,62.0,3500,Auto,2.58,5,osrm,93
195,5100.0,150.0,3500,Auto,2.81,5,osrm,64
196,3905.0,143.0,3500,Auto,13.51,21,osrm,6
197,2200.0,120.0,3500,Auto,6.61,10,osrm,93
199,2800.0,96.0,3500,Auto,3.04,5,osrm,93
200,2650.0,80.0,3500,Auto,2.0,3,osrm,100
201,4930.0,123.0,3500,Auto,1231.72,1081,osrm,0
202,2900.0,95.0,3500,Auto,2.73,5,osrm,100
203,2950.0,46.0,3500,Auto,3.09,6,osrm,78
204,4590.0,100.0,3500,Auto,2.71,5,osrm,64
205,2500.0,85.0,3500,Auto,6.21,9,osrm,94
207,3000.0,78.0,3500,Auto,1231.72,1081,osrm,40
208,4446.0,117.0,3500,Auto,3.19,5,osrm,54
209,5568.0,131.0,3500,Auto,2.69,5,osrm,65
210,5500.0,200.0,3500,Auto,21.39,28,osrm,15
211,3800.0,80.0,3500,Auto,15.06,20,osrm,12
212,3910.0,100.0,3500,Auto,6.02,9,osrm,47
213,4389.0,120.0,3500,Auto,1231.72,1081,osrm,0
214,3200.0,73.0,3500,Auto,5.11,8,osrm,100
215,2700.0,130.0,3500,Auto,1.63,3,osrm,100
216,3600.0,63.0,3500,Auto,2.67,5,osrm,59
218,3481.0,127.0,3500,Auto,3.3,6,osrm,98
219,4050.0,120.0,3500,Auto,3.3,6,osrm,50
220,2300.0,84.0,3500,Auto,2.75,5,osrm,100
221,6300.0,280.0,3500,Auto,2.93,5,osrm,53
222,8625.0,161.0,3500,Auto,3.13,6,osrm,47
223,4650.0,92.0,3500,Auto,6.24,9,osrm,49
224,4150.0,115.0,3500,Auto,6.33,10,osrm,55
225,8510.0,280.0,3500,Auto,6.88,11,osrm,59
227,6000.0,143.0,3500,Auto,2.58,5,osrm,57
228,3276.0,130.0,3500,Auto,5.89,9,osrm,98
230,9716.0,405.0,3500,Auto,5.58,9,osrm,48
231,3500.0,131.0,3500,Auto,3.84,7,osrm,100
232,3000.0,100.0,3500,Auto,6.41,10,osrm,98
233,2000.0,84.0,3500,Auto,8.82,14,osrm,100
234,1750.0,40.0,3500,Auto,10.03,13,osrm,92
235,2200.0,42.0,3500,Auto,8.26,12,osrm,95
236,1800.0,48.0,3500,Auto,7.43,12,osrm,91
237,3100.0,120.0,3500,Auto,1231.72,1081,osrm,47
238,8500.0,180.0,3500,Auto,1231.72,1081,osrm,0
239,3502.0,81.0,3500,Auto,2.59,5,osrm,62
241,3000.0,60.0,3500,Auto,1231.72,1081,osrm,29
242,4342.0,110.0,3500,Auto,1231.72,1081,osrm,2
244,4500.0,2500.0,3500,Auto,11.55,16,osrm,9
245,1250.0,38.0,3500,Auto,3.27,6,osrm,100
246,3430.0,60.0,3500,Auto,1231.72,1081,osrm,29
248,2200.0,70.0,3500,Auto,8.69,14,osrm,93
249,1500.0,153.0,3500,Auto,21.27,31,osrm,60
250,4500.0,2000.0,3500,Auto,9.49,12,osrm,64
251,5900.0,5000.0,3500,Auto,13.2,19,osrm,22
252,3900.0,1012.0,3500,Auto,24.78,34,osrm,5
253,3000.0,1012.0,3500,Auto,13.2,19,osrm,63
254,2200.0,1012.0,3500,Auto,2.95,5,osrm,100
255,6300.0,5000.0,3500,Auto,13.63,19,osrm,9
256,2900.0,3000.0,3500,Auto,24.62,39,osrm,62
257,1500.0,65.0,3500,Auto,7.46,12,osrm,100
258,1800.0,72.0,3500,Auto,7.72,13,osrm,100
259,2300.0,60.0,3500,Auto,8.56,14,osrm,80
260,2600.0,61.0,3500,Auto,1231.72,1081,osrm,37
261,5250.0,110.0,3500,Auto,8.57,12,osrm,51
262,1980.0,41.0,3500,Auto,7.55,10,osrm,89
263,3200.0,105.0,3500,Auto,3.52,7,osrm,100
264,4100.0,120.0,3500,Auto,1231.72,1081,osrm,0
265,4718.0,120.0,3500,Auto,1231.72,1081,osrm,0
266,4250.0,73.0,3500,Auto,1231.72,1081,osrm,5
267,2950.0,64.0,3500,Auto,7.93,13,osrm,89
268,3000.0,75.0,3500,Auto,2.73,5,osrm,100
269,3450.0,80.0,3500,Auto,1231.72,1081,osrm,35
270,2500.0,43.0,3500,Auto,7.18,11,osrm,91
271,2800.0,60.0,3500,Auto,6.92,12,osrm,89
272,4800.0,145.0,3500,Auto,1231.72,1081,osrm,0
273,3450.0,91.0,3500,Auto,1231.72,1081,osrm,35
274,2800.0,89.0,3500,Auto,8.22,12,osrm,90
275,2300.0,72.0,3500,Auto,1231.72,1081,osrm,46
276,2500.0,75.0,3500,Auto,3.39,6,osrm,100
277,1750.0,90.0,3500,Auto,1.93,3,osrm,100
278,3260.0,64.0,3500,Auto,1231.72,1081,osrm,45
279,4040.0,104.0,3500,Auto,1231.72,1081,osrm,0
280,4875.0,115.0,3500,Auto,1231.72,1081,osrm,0
281,4100.0,95.0,3500,Auto,1231.72,1081,osrm,0
282,3000.0,120.0,3500,Auto,12.16,21,osrm,50
283,3259.0,87.0,3500,Auto,1231.72,1081,osrm,36
284,2932.0,70.0,3500,Auto,7.02,12,osrm,100
285,1800.0,75.0,3500,Auto,3.94,6,osrm,98
286,1350.0,55.0,3500,Auto,12.31,19,osrm,50
287,2700.0,70.0,3500,Auto,1231.72,1081,osrm,39
288,4381.0,130.0,3500,Auto,6.94,12,osrm,49
289,3880.0,120.0,3500,Auto,6.54,9,osrm,64
290,2970.0,55.0,3500,Auto,1231.72,1081,osrm,33
291,4300.0,90.0,3500,Auto,1231.72,1081,osrm,0
292,2150.0,0.0,3500,Auto,2.94,5,osrm,90
293,4100.0,130.0,3500,Auto,1231.72,1081,osrm,0
294,2990.0,75.0,3500,Auto,3.53,7,osrm,100
295,2100.0,90.0,3500,Auto,7.16,11,osrm,100
296,2500.0,90.0,3500,Auto,3.17,6,osrm,100
297,7610.0,147.0,3500,Auto,1231.72,1081,osrm,0
298,2300.0,47.0,3500,Auto,3.48,6,osrm,96
299,3500.0,86.0,3500,Auto,3.01,5,osrm,96
300,2659.0,52.0,3500,Auto,1231.72,1081,osrm,19
301,2300.0,70.0,3500,Auto,2.12,4,osrm,100
302,3538.0,70.0,3500,Auto,1231.72,1081,osrm,0
303,4300.0,62.0,3500,Auto,1231.72,1081,osrm,0
304,2639.0,52.0,3500,Auto,1231.72,1081,osrm,23
305,3240.0,61.0,3500,Auto,1231.72,1081,osrm,44
306,2350.0,46.0,3500,Auto,6.77,12,osrm,78
307,4450.0,130.0,3500,Auto,1231.72,1081,osrm,1
308,5527.0,200.0,3500,Auto,1231.72,1081,osrm,0
309,2500.0,51.0,3500,Auto,7.17,9,osrm,87
310,4200.0,77.0,3500,Auto,1231.72,1081,osrm,4
311,2000.0,60.0,3500,Auto,2.57,5,osrm,79
312,4800.0,120.0,3500,Auto,7.61,10,osrm,58
313,2300.0,60.0,3500,Auto,8.45,12,osrm,85
314,3690.0,80.0,3500,Auto,1231.72,1081,osrm,0
315,2271.0,42.0,3500,Auto,7.94,10,osrm,93
316,2900.0,70.0,3500,Auto,1231.72,1081,osrm,47
317,2999.0,75.0,3500,Auto,2.75,5,osrm,95
318,1850.0,45.0,3500,Auto,7.27,9,osrm,97
319,3400.0,75.0,3500,Auto,3.18,6,osrm,100
320,2400.0,64.0,3500,Auto,7.06,11,osrm,100
321,2000.0,60.0,3500,Auto,7.19,10,osrm,90
322,3500.0,88.0,3500,Auto,1231.72,1081,osrm,27
323,3500.0,88.0,3500,Auto,8.22,12,osrm,94
324,2300.0,52.0,3500,Auto,2.76,5,osrm,85
325,4250.0,100.0,3500,Auto,1231.72,1081,osrm,0
326,3700.0,76.0,3500,Auto,1231.72,1081,osrm,1
327,2450.0,70.0,3500,Auto,10.05,13,osrm,92
328,4650.0,100.0,3500,Auto,1231.72,1081,osrm,4
329,2400.0,47.0,3500,Auto,7.82,12,osrm,84
330,2400.0,50.0,3500,Auto,6.81,12,osrm,78
332,2200.0,43.0,3500,Auto,8.02,11,osrm,79
333,3150.0,98.0,3500,Auto,1231.72,1081,osrm,34
334,3258.0,100.0,3500,Auto,1231.72,1081,osrm,42
335,3500.0,97.0,3500,Auto,1231.72,1081,osrm,43
336,6174.0,140.0,3500,Auto,1231.72,1081,osrm,0
337,2776.0,41.0,3500,Auto,1231.72,1081,osrm,25
338,4300.0,128.0,3500,Auto,1231.72,1081,osrm,0
339,1500.0,120.0,3500,Auto,16.87,23,osrm,58
340,2770.0,55.0,3500,Auto,1231.72,1081,osrm,23
341,2550.0,40.0,3500,Auto,7.68,12,osrm,93
342,2890.0,60.0,3500,Auto,1231.72,1081,osrm,23
343,3500.0,84.0,3500,Auto,1231.72,1081,osrm,42
344,2420.0,60.0,3500,Auto,1231.72,1081,osrm,27
345,3700.0,80.0,3500,Auto,1.16,2,osrm,53
346,5175.0,120.0,3500,Auto,1231.72,1081,osrm,5
347,1700.0,60.0,3500,Auto,3.52,7,osrm,81
348,1700.0,60.0,3500,Auto,3.36,6,osrm,85
349,8000.0,305.0,3500,Auto,1231.72,1081,osrm,0
350,3500.0,74.0,3500,Auto,7.45,12,osrm,96
351,2300.0,70.0,3500,Auto,7.73,12,osrm,99
353,2300.0,60.0,3500,Auto,7.47,11,osrm,79
354,2500.0,78.0,3500,Auto,1231.72,1081,osrm,32
355,5190.0,140.0,3500,Auto,7.61,9,osrm,59
356,2933.0,110.0,3500,Auto,1231.72,1081,osrm,31
357,3400.0,90.0,3500,Auto,7.5,12,osrm,92
358,2500.0,49.0,3500,Auto,2.94,5,osrm,79
359,2750.0,61.0,3500,Auto,6.67,12,osrm,98
360,5160.0,102.0,3500,Auto,1231.72,1081,osrm,0
361,2900.0,52.0,3500,Auto,1231.72,1081,osrm,19
362,2250.0,65.0,3500,Auto,1231.72,1081,osrm,51
364,2900.0,60.0,3500,Auto,1231.72,1081,osrm,20
365,3100.0,65.0,3500,Auto,5.34,8,osrm,99
366,2400.0,55.0,3500,Auto,1.96,3,osrm,84
367,3800.0,64.0,3500,Auto,7.66,9,osrm,56
368,4140.0,86.0,3500,Auto,1231.72,1081,osrm,0
369,2800.0,61.0,3500,Auto,7.31,10,osrm,100
370,3500.0,81.0,3500,Auto,1231.72,1081,osrm,38
371,2000.0,78.0,3500,Auto,6.86,10,osrm,100
372,4020.0,103.0,3500,Auto,1231.72,1081,osrm,0
373,6120.0,135.0,3500,Auto,1231.72,1081,osrm,1
375,3315.0,70.0,3500,Auto,7.46,13,osrm,91
376,2200.0,48.0,3500,Auto,8.42,12,osrm,91
377,2600.0,60.0,3500,Auto,7.47,10,osrm,77
378,3600.0,87.0,3500,Auto,1231.72,1081,osrm,0
379,2700.0,70.0,3500,Auto,1231.72,1081,osrm,47
380,7550.0,200.0,3500,Auto,1231.72,1081,osrm,0
381,3500.0,138.0,3500,Auto,1231.72,1081,osrm,39
382,8395.0,200.0,3500,Auto,1231.72,1081,osrm,0
383,2970.0,73.0,3500,Auto,2.92,5,osrm,100
384,3000.0,92.0,3500,Auto,6.53,11,osrm,96
385,2620.0,80.0,3500,Auto,7.62,12,osrm,100
387,2250.0,42.0,3500,Auto,8.15,12,osrm,93
388,2898.0,70.0,3500,Auto,11.33,15,osrm,95
389,9000.0,130.0,3500,Auto,1231.72,1081,osrm,0
390,2300.0,93.0,3500,Auto,1.51,3,osrm,95
391,2500.0,79.0,3500,Auto,6.0,10,osrm,100
392,9436.0,233.0,3500,Auto,7.88,13,osrm,63
394,2400.0,52.0,3500,Auto,1231.72,1081,osrm,22
397,2900.0,55.0,3500,Auto,1231.72,1081,osrm,26
398,4020.0,131.0,3500,Auto,7.63,11,osrm,54
400,3000.0,75.0,3500,Auto,1231.72,1081,osrm,41
401,2900.0,80.0,3500,Auto,1231.72,1081,osrm,39
402,6800.0,182.0,3500,Auto,1231.72,1081,osrm,0
403,8027.0,207.0,3500,Auto,7.55,11,osrm,58
405,4500.0,2500.0,3500,Auto,24.0,34,osrm,9
406,3050.0,52.0,3500,Auto,1231.72,1081,osrm,30
407,2600.0,48.0,3500,Auto,1231.72,1081,osrm,26
408,3385.0,65.0,3500,Auto,1231.72,1081,osrm,34
409,2995.0,75.0,3500,Auto,1231.72,1081,osrm,39
410,7875.0,160.0,3500,Auto,6.4,10,osrm,50
411,2600.0,90.0,3500,Auto,6.84,12,osrm,97
412,3780.0,60.0,3500,Auto,2.54,5,osrm,37
414,1790.0,74.0,3500,Auto,6.21,10,osrm,99
415,5075.0,154.0,3500,Auto,2.82,5,osrm,47
416,6120.0,100.0,3500,Auto,3.27,6,osrm,52
417,2950.0,85.0,3500,Auto,6.4,10,osrm,97
418,3200.0,121.0,3500,Auto,2.88,6,osrm,100
419,7200.0,388.0,3500,Auto,3.05,6,osrm,52
420,3360.0,50.0,3500,Auto,3.24,6,osrm,81
421,3500.0,160.0,3500,Auto,1231.72,1081,osrm,32
422,3400.0,80.0,3500,Auto,5.27,8,osrm,97
423,2700.0,63.0,3500,Auto,6.07,9,osrm,92
424,1700.0,70.0,3500,Auto,10.0,14,osrm,100
425,3500.0,97.0,3500,Auto,2.52,5,osrm,97
426,3450.0,144.0,3500,Auto,14.64,18,osrm,65
427,1850.0,41.0,3500,Auto,3.91,7,osrm,90
428,4231.0,62.0,3500,Auto,2.74,5,osrm,51
429,2600.0,45.0,3500,Auto,2.88,6,osrm,84
430,2950.0,140.0,3500,Auto,8.79,14,osrm,91
431,2500.0,89.0,3500,Auto,8.7,14,osrm,100
432,2600.0,118.0,3500,Auto,5.94,9,osrm,100
433,2500.0,102.0,3500,Auto,5.46,8,osrm,100
434,5250.0,63.0,3500,Auto,3.51,6,osrm,51
435,2200.0,46.0,3500,Auto,3.2,5,osrm,89
436,3000.0,84.0,3500,Auto,5.46,8,osrm,96
437,3750.0,100.0,3500,Auto,2.94,5,osrm,51
438,3350.0,135.0,3500,Auto,8.13,13,osrm,95
439,7980.0,151.0,3500,Auto,3.22,6,osrm,55
440,3150.0,93.0,3500,Auto,6.51,10,osrm,100
442,2500.0,110.0,3500,Auto,8.02,13,osrm,99
443,2933.0,63.0,3500,Auto,3.24,6,osrm,100
444,1600.0,68.0,3500,Auto,6.72,10,osrm,100
445,2100.0,65.0,3500,Auto,6.69,10,osrm,98
446,2700.0,45.0,3500,Auto,3.02,5,osrm,93
447,2750.0,80.0,3500,Auto,14.89,18,osrm,66
448,2700.0,43.0,3500,Auto,3.1,5,osrm,86
449,2850.0,58.0,3500,Auto,6.4,9,osrm,80
450,2850.0,58.0,3500,Auto,1.53,3,osrm,83
451,8675.0,440.0,3500,Auto,5.67,9,osrm,46
452,4200.0,147.0,3500,Auto,11.69,16,osrm,23
453,2500.0,47.0,3500,Auto,2.19,4,osrm,83
454,2058.0,45.0,3500,Auto,10.13,12,osrm,96
456,1000.0,40.0,3500,Auto,8.95,14,osrm,91
457,2700.0,63.0,3500,Auto,1.53,3,osrm,100
458,5200.0,120.0,3500,Auto,5.84,10,osrm,65
459,2250.0,40.0,3500,Auto,6.08,9,osrm,82
460,1600.0,78.0,3500,Auto,6.4,10,osrm,100
461,2600.0,104.0,3500,Auto,5.87,9,osrm,100
462,4032.0,60.0,3500,Auto,3.2,6,osrm,47
463,2500.0,59.0,3500,Auto,5.88,9,osrm,94
464,3700.0,62.0,3500,Auto,3.24,6,osrm,52
465,3987.0,66.0,3500,Auto,2.76,5,osrm,46
466,1500.0,60.0,3500,Auto,8.78,14,osrm,96
467,1800.0,61.0,3500,Auto,8.83,14,osrm,100
468,3100.0,80.0,3500,Auto,6.18,9,osrm,89
469,3300.0,66.0,3500,Auto,6.32,9,osrm,100
470,2600.0,80.0,3500,Auto,5.94,9,osrm,97
471,2300.0,77.0,3500,Auto,7.62,13,osrm,100
473,2100.0,56.0,3500,Auto,3.81,7,osrm,89
474,3000.0,100.0,3500,Auto,7.52,13,osrm,100
475,2700.0,70.0,3500,Auto,5.01,7,osrm,100
476,2400.0,42.0,3500,Auto,6.23,11,osrm,91
477,2700.0,49.0,3500,Auto,2.31,4,osrm,76
478,8050.0,216.0,3500,Auto,2.75,5,osrm,48
479,1900.0,43.0,3500,Auto,2.17,3,osrm,81
480,4200.0,147.0,3500,Auto,11.31,15,osrm,60
481,1900.0,43.0,3500,Auto,1.79,3,osrm,83
482,4200.0,147.0,3500,Auto,12.17,21,osrm,15
483,4000.0,45.0,3500,Auto,2.3,4,osrm,44
487,2000.0,47.0,3500,Auto,7.99,14,osrm,98
488,1850.0,44.0,3500,Auto,7.47,12,osrm,82
489,9254.0,170.0,3500,Auto,2.99,5,osrm,48
490,3000.0,69.0,3500,Auto,9.42,15,osrm,92
491,3500.0,73.0,3500,Auto,3.41,6,osrm,100
492,1900.0,45.0,3500,Auto,8.38,14,osrm,93
493,2100.0,57.0,3500,Auto,7.33,12,osrm,92
494,2300.0,45.0,3500,Auto,2.76,5,osrm,81
495,7590.0,217.0,3500,Auto,1231.72,1081,osrm,0
497,3150.0,84.0,3500,Auto,1231.72,1081,osrm,29
498,6400.0,177.0,3500,Auto,2.47,5,osrm,51
499,3000.0,108.0,3500,Auto,5.54,9,osrm,100
504,4100.0,142.0,3500,Auto,6.48,10,osrm,53
506,2400.0,50.0,3500,Auto,2.89,6,osrm,81
507,1700.0,40.0,3500,Auto,7.54,13,osrm,91
508,1600.0,50.0,3500,Auto,2.77,5,osrm,86
509,3700.0,120.0,3500,Auto,2.83,6,osrm,53
3,2750.0,60.0,2200,Caminando,5.54,9,osrm,38
4,9000.0,1200.0,2200,Caminando,8.11,12,osrm,64
5,4590.0,140.0,2200,Caminando,4.39,7,osrm,49
6,2500.0,70.0,2200,Caminando,10.38,15,osrm,65
7,1200.0,73.0,2200,Caminando,15.35,18,osrm,61
8,3365.0,108.0,2200,Caminando,20.29,27,osrm,6
9,1450.0,73.0,2200,Caminando,10.45,15,osrm,100
10,3048.0,68.0,2200,Caminando,1229.8,1077,osrm,0
11,3600.0,93.0,2200,Caminando,1229.8,1077,osrm,0
12,5760.0,110.0,2200,Caminando,1229.8,1077,osrm,0
13,2140.0,60.0,2200,Caminando,3.34,6,osrm,80
14,2950.0,95.0,2200,Caminando,1229.8,1077,osrm,0
15,2700.0,40.0,2200,Caminando,1229.8,1077,osrm,0
16,2600.0,40.0,2200,Caminando,3.96,5,osrm,43
17,2450.0,56.0,2200,Caminando,6.78,10,osrm,31
18,4500.0,140.0,2200,Caminando,1229.8,1077,osrm,2
20,8500.0,325.0,2200,Caminando,1.95,3,osrm,52
22,3800.0,80.0,2200,Caminando,1.77,4,osrm,63
23,2900.0,74.0,2200,Caminando,1229.8,1077,osrm,0
24,3500.0,220.0,2200,Caminando,33.71,43,osrm,15
25,2600.0,42.0,2200,Caminando,4.15,5,osrm,38
26,3205.0,72.0,2200,Caminando,1229.8,1077,osrm,0
27,4400.0,100.0,2200,Caminando,1229.8,1077,osrm,0
28,2710.0,70.0,2200,Caminando,3.2,6,osrm,56
29,2100.0,70.0,2200,Caminando,6.39,11,osrm,95
30,8500.0,251.0,2200,Caminando,5.78,10,osrm,59
31,6210.0,290.0,2200,Caminando,8.4,13,osrm,49
32,2200.0,55.0,2200,Caminando,1229.8,1077,osrm,11
33,2527.0,81.0,2200,Caminando,1229.8,1077,osrm,0
34,5100.0,121.0,2200,Caminando,1229.8,1077,osrm,2
35,3060.0,80.0,2200,Caminando,1229.8,1077,osrm,0
36,4100.0,84.0,2200,Caminando,1229.8,1077,osrm,0
37,3300.0,98.0,2200,Caminando,1229.8,1077,osrm,0
38,2700.0,69.0,2200,Caminando,1.85,3,osrm,58
39,2700.0,85.0,2200,Caminando,1.83,3,osrm,55
40,2584.0,52.0,2200,Caminando,3.83,8,osrm,41
41,8930.0,130.0,2200,Caminando,1229.8,1077,osrm,0
42,3709.0,107.0,2200,Caminando,1229.8,1077,osrm,0
44,3777.0,62.0,2200,Caminando,9.64,15,osrm,59
46,2600.0,52.0,2200,Caminando,2.33,4,osrm,45
47,4400.0,84.0,2200,Caminando,1229.8,1077,osrm,2
48,6900.0,130.0,2200,Caminando,1229.8,1077,osrm,0
49,2333.0,55.0,2200,Caminando,4.44,6,osrm,34
50,4500.0,74.0,2200,Caminando,1229.8,1077,osrm,0
51,5500.0,160.0,2200,Caminando,1229.8,1077,osrm,0
52,1600.0,84.0,2200,Caminando,19.31,25,osrm,56
53,3500.0,92.0,2200,Caminando,1229.8,1077,osrm,2
54,4836.0,94.0,2200,Caminando,3.66,5,osrm,64
56,3380.0,69.0,2200,Caminando,1229.8,1077,osrm,0
58,8700.0,333.0,2200,Caminando,1229.8,1077,osrm,4
59,3700.0,118.0,2200,Caminando,1229.8,1077,osrm,2
60,3280.0,78.0,2200,Caminando,1229.8,1077,osrm,1
61,2760.0,58.0,2200,Caminando,1229.8,1077,osrm,0
62,4400.0,190.0,2200,Caminando,1229.8,1077,osrm,2
63,4300.0,93.0,2200,Caminando,1229.8,1077,osrm,0
64,3000.0,78.0,2200,Caminando,1229.8,1077,osrm,0
65,2700.0,75.0,2200,Caminando,5.47,9,osrm,47
66,4617.0,146.0,2200,Caminando,2.96,5,osrm,53
67,3000.0,79.0,2200,Caminando,9.6,15,osrm,49
68,2300.0,59.0,2200,Caminando,5.81,10,osrm,46
69,2243.0,75.0,2200,Caminando,1229.8,1077,osrm,0
70,3990.0,68.0,2200,Caminando,1229.8,1077,osrm,0
71,3800.0,69.0,2200,Caminando,1229.8,1077,osrm,0
72,2200.0,69.0,2200,Caminando,6.77,10,osrm,94
73,3200.0,84.0,2200,Caminando,1229.8,1077,osrm,0
75,3350.0,70.0,2200,Caminando,1229.8,1077,osrm,0
77,5175.0,135.0,2200,Caminando,1229.8,1077,osrm,4
78,5040.0,180.0,2200,Caminando,1229.8,1077,osrm,0
79,2510.0,45.0,2200,Caminando,3.93,7,osrm,34
80,9400.0,203.0,2200,Caminando,1229.8,1077,osrm,2
81,3190.0,63.0,2200,Caminando,1229.8,1077,osrm,0
82,3480.0,64.0,2200,Caminando,1229.8,1077,osrm,0
83,2780.0,53.0,2200,Caminando,1229.8,1077,osrm,0
84,2700.0,43.0,2200,Caminando,3.49,7,osrm,31
85,3855.0,76.0,2200,Caminando,1229.8,1077,osrm,0
87,6210.0,180.0,2200,Caminando,1229.8,1077,osrm,0
88,2800.0,80.0,2200,Caminando,1229.8,1077,osrm,0
89,4685.0,100.0,2200,Caminando,1229.8,1077,osrm,0
90,2600.0,55.0,2200,Caminando,6.5,10,osrm,38
91,6170.0,168.0,2200,Caminando,1229.8,1077,osrm,0
92,4140.0,106.0,2200,Caminando,1229.8,1077,osrm,0
93,3100.0,85.0,2200,Caminando,9.39,14,osrm,48
94,3700.0,92.0,2200,Caminando,1229.8,1077,osrm,0
95,7370.0,220.0,2200,Caminando,12.98,17,osrm,15
97,9800.0,172.0,2200,Caminando,1229.8,1077,osrm,0
98,2400.0,69.0,2200,Caminando,1229.8,1077,osrm,3
99,3000.0,100.0,2200,Caminando,7.64,11,osrm,63
100,4650.0,100.0,2200,Caminando,4.25,8,osrm,48
101,8500.0,200.0,2200,Caminando,1229.8,1077,osrm,0
103,5160.0,135.0,2200,Caminando,1229.8,1077,osrm,3
104,5780.0,125.0,2200,Caminando,3.65,5,osrm,47
105,3790.0,100.0,2200,Caminando,1229.8,1077,osrm,3
106,2900.0,71.0,2200,Caminando,6.06,9,osrm,59
107,6800.0,154.0,2200,Caminando,1229.8,1077,osrm,0
108,4380.0,86.0,2200,Caminando,1229.8,1077,osrm,0
109,2530.0,48.0,2200,Caminando,6.67,10,osrm,42
110,2360.0,42.0,2200,Caminando,3.56,7,osrm,31
112,2900.0,65.0,2200,Caminando,1229.8,1077,osrm,3
113,2900.0,69.0,2200,Caminando,9.39,14,osrm,57
114,2177.0,40.0,2200,Caminando,4.1,8,osrm,76
115,9045.0,316.0,2200,Caminando,1229.8,1077,osrm,0
116,2800.0,71.0,2200,Caminando,2.31,4,osrm,53
117,3230.0,58.0,2200,Caminando,4.41,8,osrm,34
118,7480.0,200.0,2200,Caminando,1229.8,1077,osrm,1
122,2400.0,62.0,2200,Caminando,10.71,15,osrm,64
123,3200.0,79.0,2200,Caminando,9.61,13,osrm,60
124,7400.0,208.0,2200,Caminando,6.13,11,osrm,55
125,1700.0,70.0,2200,Caminando,9.06,12,osrm,100
126,2600.0,70.0,2200,Caminando,9.17,13,osrm,50
127,3777.0,62.0,2200,Caminando,5.72,10,osrm,51
128,2057.0,52.0,2200,Caminando,5.92,10,osrm,91
129,3000.0,98.0,2200,Caminando,9.45,13,osrm,59
130,2200.0,76.0,2200,Caminando,9.35,13,osrm,97
131,900.0,54.0,2200,Caminando,19.84,30,osrm,59
132,3100.0,64.0,2200,Caminando,4.44,7,osrm,55
133,2200.0,55.0,2200,Caminando,11.93,17,osrm,38
134,1800.0,61.0,2200,Caminando,27.77,39,osrm,61
135,3100.0,67.0,2200,Caminando,5.97,10,osrm,54
136,3100.0,63.0,2200,Caminando,5.6,10,osrm,51
137,1300.0,31.0,2200,Caminando,9.26,13,osrm,84
138,3000.0,114.0,2200,Caminando,4.4,7,osrm,60
139,2350.0,60.0,2200,Caminando,9.4,13,osrm,44
140,2750.0,46.0,2200,Caminando,5.45,9,osrm,35
141,3550.0,124.0,2200,Caminando,5.41,8,osrm,61
142,7480.0,300.0,2200,Caminando,4.61,8,osrm,61
143,3850.0,60.0,2200,Caminando,5.12,9,osrm,44
144,4000.0,100.0,2200,Caminando,1229.8,1077,osrm,0
145,4450.0,150.0,2200,Caminando,4.53,7,osrm,61
146,7000.0,265.0,2200,Caminando,5.11,9,osrm,46
147,2400.0,82.0,2200,Caminando,10.15,17,osrm,24
149,3850.0,45.0,2200,Caminando,5.59,9,osrm,41
150,4500.0,60.0,2200,Caminando,5.87,10,osrm,48
151,999.0,18.0,2200,Caminando,4.34,7,osrm,82
152,1200.0,60.0,2200,Caminando,19.0,25,osrm,45
153,2450.0,70.0,2200,Caminando,12.09,17,osrm,8
154,1850.0,74.0,2200,Caminando,10.83,18,osrm,68
155,1700.0,41.0,2200,Caminando,11.37,16,osrm,52
156,2800.0,60.0,2200,Caminando,5.4,9,osrm,37
157,2500.0,48.0,2200,Caminando,5.95,10,osrm,30
158,2300.0,40.0,2200,Caminando,6.23,10,osrm,35
159,3852.0,130.0,2200,Caminando,4.51,7,osrm,45
160,2750.0,45.0,2200,Caminando,5.45,10,osrm,48
161,2650.0,60.0,2200,Caminando,5.32,9,osrm,45
162,3500.0,60.0,2200,Caminando,4.95,8,osrm,49
163,4300.0,210.0,2200,Caminando,4.49,7,osrm,50
164,3325.0,46.0,2200,Caminando,5.49,9,osrm,40
165,4200.0,86.0,2200,Caminando,5.91,9,osrm,51
166,9760.0,300.0,2200,Caminando,6.2,10,osrm,59
167,5650.0,216.0,2200,Caminando,5.0,8,osrm,62
168,6960.0,172.0,2200,Caminando,5.26,8,osrm,57
171,3660.0,73.0,2200,Caminando,5.81,10,osrm,52
172,2800.0,67.0,2200,Caminando,5.36,9,osrm,52
173,2700.0,66.0,2200,Caminando,8.9,12,osrm,55
174,2098.0,60.0,2200,Caminando,11.71,16,osrm,32
175,6840.0,275.0,2200,Caminando,4.04,6,osrm,63
176,3750.0,117.0,2200,Caminando,5.25,9,osrm,62
177,2300.0,61.0,2200,Caminando,9.39,13,osrm,47
178,2700.0,45.0,2200,Caminando,5.13,9,osrm,44
180,2800.0,89.0,2200,Caminando,9.24,12,osrm,60
181,3400.0,81.0,2200,Caminando,5.7,10,osrm,63
183,6840.0,198.0,2200,Caminando,4.93,9,osrm,47
184,8500.0,262.0,2200,Caminando,3.62,5,osrm,64
185,2590.0,42.0,2200,Caminando,5.42,9,osrm,40
186,2200.0,56.0,2200,Caminando,11.48,16,osrm,35
188,3400.0,60.0,2200,Caminando,4.94,8,osrm,33
190,2500.0,45.0,2200,Caminando,5.12,9,osrm,31
192,6420.0,205.0,2200,Caminando,4.17,6,osrm,53
193,3230.0,62.0,2200,Caminando,5.16,9,osrm,58
195,5100.0,150.0,2200,Caminando,5.38,9,osrm,54
196,3905.0,143.0,2200,Caminando,16.81,24,osrm,12
197,2200.0,120.0,2200,Caminando,4.92,8,osrm,100
199,2800.0,96.0,2200,Caminando,1.89,4,osrm,57
200,2650.0,80.0,2200,Caminando,2.44,5,osrm,50
201,4930.0,123.0,2200,Caminando,1229.8,1077,osrm,0
202,2900.0,95.0,2200,Caminando,5.31,9,osrm,54
203,2950.0,46.0,2200,Caminando,5.67,10,osrm,40
204,4590.0,100.0,2200,Caminando,6.01,9,osrm,61
205,2500.0,85.0,2200,Caminando,4.77,7,osrm,56
207,3000.0,78.0,2200,Caminando,1229.8,1077,osrm,0
208,4446.0,117.0,2200,Caminando,5.76,9,osrm,45
209,5568.0,131.0,2200,Caminando,5.27,9,osrm,57
210,5500.0,200.0,2200,Caminando,24.7,31,osrm,24
211,3800.0,80.0,2200,Caminando,15.13,18,osrm,24
212,3910.0,100.0,2200,Caminando,4.33,7,osrm,57
213,4389.0,120.0,2200,Caminando,1229.8,1077,osrm,0
214,3200.0,73.0,2200,Caminando,8.42,12,osrm,53
215,2700.0,130.0,2200,Caminando,2.21,4,osrm,62
216,3600.0,63.0,2200,Caminando,5.25,9,osrm,51
218,3481.0,127.0,2200,Caminando,4.73,8,osrm,59
219,4050.0,120.0,2200,Caminando,5.88,10,osrm,58
220,2300.0,84.0,2200,Caminando,4.85,8,osrm,54
221,6300.0,280.0,2200,Caminando,5.51,9,osrm,56
222,8625.0,161.0,2200,Caminando,5.71,10,osrm,52
223,4650.0,92.0,2200,Caminando,4.66,6,osrm,62
224,4150.0,115.0,2200,Caminando,4.64,7,osrm,48
225,8510.0,280.0,2200,Caminando,5.19,9,osrm,50
227,6000.0,143.0,2200,Caminando,5.16,9,osrm,63
228,3276.0,130.0,2200,Caminando,4.2,7,osrm,46
230,9716.0,405.0,2200,Caminando,3.58,6,osrm,51
231,3500.0,131.0,2200,Caminando,5.46,9,osrm,59
232,3000.0,100.0,2200,Caminando,4.38,6,osrm,46
233,2000.0,84.0,2200,Caminando,12.33,18,osrm,54
234,1750.0,40.0,2200,Caminando,12.43,17,osrm,39
235,2200.0,42.0,2200,Caminando,4.3,8,osrm,79
236,1800.0,48.0,2200,Caminando,10.74,16,osrm,39
237,3100.0,120.0,2200,Caminando,1229.8,1077,osrm,0
238,8500.0,180.0,2200,Caminando,1229.8,1077,osrm,0
239,3502.0,81.0,2200,Caminando,5.17,9,osrm,56
241,3000.0,60.0,2200,Caminando,1229.8,1077,osrm,0
242,4342.0,110.0,2200,Caminando,1229.8,1077,osrm,0
244,4500.0,2500.0,2200,Caminando,9.86,14,osrm,57
245,1250.0,38.0,2200,Caminando,4.59,8,osrm,91
246,3430.0,60.0,2200,Caminando,1229.8,1077,osrm,0
248,2200.0,70.0,2200,Caminando,12.19,17,osrm,50
249,1500.0,153.0,2200,Caminando,24.62,33,osrm,66
250,4500.0,2000.0,2200,Caminando,11.9,16,osrm,24
251,5900.0,5000.0,2200,Caminando,13.27,18,osrm,17
252,3900.0,1012.0,2200,Caminando,28.13,36,osrm,25
253,3000.0,1012.0,2200,Caminando,13.27,18,osrm,16
254,2200.0,1012.0,2200,Caminando,5.52,9,osrm,98
255,6300.0,5000.0,2200,Caminando,16.94,23,osrm,6
256,2900.0,3000.0,2200,Caminando,27.93,42,osrm,9
257,1500.0,65.0,2200,Caminando,10.77,15,osrm,100
258,1800.0,72.0,2200,Caminando,11.02,16,osrm,61
259,2300.0,60.0,2200,Caminando,11.3,16,osrm,6
260,2600.0,61.0,2200,Caminando,1229.8,1077,osrm,0
261,5250.0,110.0,2200,Caminando,4.61,9,osrm,64
262,1980.0,41.0,2200,Caminando,3.59,6,osrm,79
263,3200.0,105.0,2200,Caminando,6.83,10,osrm,47
264,4100.0,120.0,2200,Caminando,1229.8,1077,osrm,5
265,4718.0,120.0,2200,Caminando,1229.8,1077,osrm,0
266,4250.0,73.0,2200,Caminando,1229.8,1077,osrm,0
267,2950.0,64.0,2200,Caminando,4.38,9,osrm,57
268,3000.0,75.0,2200,Caminando,5.3,9,osrm,51
269,3450.0,80.0,2200,Caminando,1229.8,1077,osrm,0
270,2500.0,43.0,2200,Caminando,3.62,7,osrm,31
271,2800.0,60.0,2200,Caminando,9.49,15,osrm,44
272,4800.0,145.0,2200,Caminando,1229.8,1077,osrm,0
273,3450.0,91.0,2200,Caminando,1229.8,1077,osrm,0
274,2800.0,89.0,2200,Caminando,4.26,8,osrm,49
275,2300.0,72.0,2200,Caminando,1229.8,1077,osrm,0
276,2500.0,75.0,2200,Caminando,5.96,10,osrm,57
277,1750.0,90.0,2200,Caminando,1.81,3,osrm,96
278,3260.0,64.0,2200,Caminando,1229.8,1077,osrm,2
279,4040.0,104.0,2200,Caminando,1229.8,1077,osrm,0
280,4875.0,115.0,2200,Caminando,1229.8,1077,osrm,0
281,4100.0,95.0,2200,Caminando,1229.8,1077,osrm,0
282,3000.0,120.0,2200,Caminando,12.6,23,osrm,10
283,3259.0,87.0,2200,Caminando,1229.8,1077,osrm,0
284,2932.0,70.0,2200,Caminando,9.51,14,osrm,61
285,1800.0,75.0,2200,Caminando,7.24,10,osrm,89
286,1350.0,55.0,2200,Caminando,14.96,20,osrm,43
287,2700.0,70.0,2200,Caminando,1229.8,1077,osrm,1
288,4381.0,130.0,2200,Caminando,9.42,14,osrm,48
289,3880.0,120.0,2200,Caminando,2.98,5,osrm,51
290,2970.0,55.0,2200,Caminando,1229.8,1077,osrm,0
291,4300.0,90.0,2200,Caminando,1229.8,1077,osrm,2
292,2150.0,0.0,2200,Caminando,5.53,9,osrm,82
293,4100.0,130.0,2200,Caminando,1229.8,1077,osrm,0
294,2990.0,75.0,2200,Caminando,6.1,10,osrm,54
295,2100.0,90.0,2200,Caminando,10.46,15,osrm,100
296,2500.0,90.0,2200,Caminando,5.75,10,osrm,54
297,7610.0,147.0,2200,Caminando,1229.8,1077,osrm,0
298,2300.0,47.0,2200,Caminando,6.05,10,osrm,44
299,3500.0,86.0,2200,Caminando,6.32,9,osrm,60
300,2659.0,52.0,2200,Caminando,1229.8,1077,osrm,0
301,2300.0,70.0,2200,Caminando,1.78,3,osrm,47
302,3538.0,70.0,2200,Caminando,1229.8,1077,osrm,1
303,4300.0,62.0,2200,Caminando,1229.8,1077,osrm,0
304,2639.0,52.0,2200,Caminando,1229.8,1077,osrm,0
305,3240.0,61.0,2200,Caminando,1229.8,1077,osrm,0
306,2350.0,46.0,2200,Caminando,9.25,14,osrm,35
307,4450.0,130.0,2200,Caminando,1229.8,1077,osrm,0
308,5527.0,200.0,2200,Caminando,1229.8,1077,osrm,1
309,2500.0,51.0,2200,Caminando,3.62,5,osrm,32
310,4200.0,77.0,2200,Caminando,1229.8,1077,osrm,0
311,2000.0,60.0,2200,Caminando,1.59,3,osrm,73
312,4800.0,120.0,2200,Caminando,3.65,7,osrm,54
313,2300.0,60.0,2200,Caminando,4.5,9,osrm,48
314,3690.0,80.0,2200,Caminando,1229.8,1077,osrm,0
315,2271.0,42.0,2200,Caminando,4.39,6,osrm,48
316,2900.0,70.0,2200,Caminando,1229.8,1077,osrm,0
317,2999.0,75.0,2200,Caminando,5.32,9,osrm,47
318,1850.0,45.0,2200,Caminando,3.72,5,osrm,81
319,3400.0,75.0,2200,Caminando,6.49,9,osrm,64
320,2400.0,64.0,2200,Caminando,3.5,7,osrm,49
321,2000.0,60.0,2200,Caminando,3.23,6,osrm,91
322,3500.0,88.0,2200,Caminando,1229.8,1077,osrm,0
323,3500.0,88.0,2200,Caminando,4.26,8,osrm,47
324,2300.0,52.0,2200,Caminando,6.06,9,osrm,47
325,4250.0,100.0,2200,Caminando,1229.8,1077,osrm,0
326,3700.0,76.0,2200,Caminando,1229.8,1077,osrm,0
327,2450.0,70.0,2200,Caminando,6.51,9,osrm,62
328,4650.0,100.0,2200,Caminando,1229.8,1077,osrm,0
329,2400.0,47.0,2200,Caminando,4.27,9,osrm,48
330,2400.0,50.0,2200,Caminando,9.21,14,osrm,32
332,2200.0,43.0,2200,Caminando,4.06,8,osrm,77
333,3150.0,98.0,2200,Caminando,1229.8,1077,osrm,0
334,3258.0,100.0,2200,Caminando,1229.8,1077,osrm,0
335,3500.0,97.0,2200,Caminando,1229.8,1077,osrm,0
336,6174.0,140.0,2200,Caminando,1229.8,1077,osrm,0
337,2776.0,41.0,2200,Caminando,1229.8,1077,osrm,0
338,4300.0,128.0,2200,Caminando,1229.8,1077,osrm,4
339,1500.0,120.0,2200,Caminando,20.18,27,osrm,70
340,2770.0,55.0,2200,Caminando,1229.8,1077,osrm,0
341,2550.0,40.0,2200,Caminando,4.13,8,osrm,48
342,2890.0,60.0,2200,Caminando,1229.8,1077,osrm,0
343,3500.0,84.0,2200,Caminando,1229.8,1077,osrm,0
344,2420.0,60.0,2200,Caminando,1229.8,1077,osrm,0
345,3700.0,80.0,2200,Caminando,2.51,4,osrm,46
346,5175.0,120.0,2200,Caminando,1229.8,1077,osrm,0
347,1700.0,60.0,2200,Caminando,6.09,10,osrm,90
348,1700.0,60.0,2200,Caminando,5.94,10,osrm,84
349,8000.0,305.0,2200,Caminando,1229.8,1077,osrm,0
350,3500.0,74.0,2200,Caminando,3.89,8,osrm,54
351,2300.0,70.0,2200,Caminando,4.18,8,osrm,46
353,2300.0,60.0,2200,Caminando,3.52,7,osrm,46
354,2500.0,78.0,2200,Caminando,1229.8,1077,osrm,0
355,5190.0,140.0,2200,Caminando,4.07,6,osrm,48
356,2933.0,110.0,2200,Caminando,1229.8,1077,osrm,0
357,3400.0,90.0,2200,Caminando,3.94,8,osrm,59
358,2500.0,49.0,2200,Caminando,6.25,9,osrm,42
359,2750.0,61.0,2200,Caminando,8.78,13,osrm,50
360,5160.0,102.0,2200,Caminando,1229.8,1077,osrm,3
361,2900.0,52.0,2200,Caminando,1229.8,1077,osrm,0
362,2250.0,65.0,2200,Caminando,1229.8,1077,osrm,0
364,2900.0,60.0,2200,Caminando,1229.8,1077,osrm,0
365,3100.0,65.0,2200,Caminando,8.65,12,osrm,51
366,2400.0,55.0,2200,Caminando,2.36,4,osrm,38
367,3800.0,64.0,2200,Caminando,4.11,5,osrm,64
368,4140.0,86.0,2200,Caminando,1229.8,1077,osrm,0
369,2800.0,61.0,2200,Caminando,3.35,6,osrm,59
370,3500.0,81.0,2200,Caminando,1229.8,1077,osrm,0
371,2000.0,78.0,2200,Caminando,10.16,14,osrm,90
372,4020.0,103.0,2200,Caminando,1229.8,1077,osrm,3
373,6120.0,135.0,2200,Caminando,1229.8,1077,osrm,5
375,3315.0,70.0,2200,Caminando,8.68,13,osrm,50
376,2200.0,48.0,2200,Caminando,4.46,9,osrm,75
377,2600.0,60.0,2200,Caminando,3.51,7,osrm,47
378,3600.0,87.0,2200,Caminando,1229.8,1077,osrm,0
379,2700.0,70.0,2200,Caminando,1229.8,1077,osrm,0
380,7550.0,200.0,2200,Caminando,1229.8,1077,osrm,0
381,3500.0,138.0,2200,Caminando,1229.8,1077,osrm,0
382,8395.0,200.0,2200,Caminando,1229.8,1077,osrm,0
383,2970.0,73.0,2200,Caminando,6.22,9,osrm,49
384,3000.0,92.0,2200,Caminando,9.11,15,osrm,60
385,2620.0,80.0,2200,Caminando,4.07,8,osrm,57
387,2250.0,42.0,2200,Caminando,4.19,8,osrm,49
388,2898.0,70.0,2200,Caminando,13.74,19,osrm,12
389,9000.0,130.0,2200,Caminando,1229.8,1077,osrm,0
390,2300.0,93.0,2200,Caminando,2.57,4,osrm,50
391,2500.0,79.0,2200,Caminando,9.3,13,osrm,63
392,9436.0,233.0,2200,Caminando,4.33,9,osrm,62
394,2400.0,52.0,2200,Caminando,1229.8,1077,osrm,0
397,2900.0,55.0,2200,Caminando,1229.8,1077,osrm,0
398,4020.0,131.0,2200,Caminando,3.59,7,osrm,61
400,3000.0,75.0,2200,Caminando,1229.8,1077,osrm,0
401,2900.0,80.0,2200,Caminando,1229.8,1077,osrm,5
402,6800.0,182.0,2200,Caminando,1229.8,1077,osrm,0
403,8027.0,207.0,2200,Caminando,3.59,7,osrm,49
405,4500.0,2500.0,2200,Caminando,26.4,37,osrm,16
406,3050.0,52.0,2200,Caminando,1229.8,1077,osrm,0
407,2600.0,48.0,2200,Caminando,1229.8,1077,osrm,0
408,3385.0,65.0,2200,Caminando,1229.8,1077,osrm,0
409,2995.0,75.0,2200,Caminando,1229.8,1077,osrm,0
410,7875.0,160.0,2200,Caminando,4.39,6,osrm,62
411,2600.0,90.0,2200,Caminando,9.4,14,osrm,46
412,3780.0,60.0,2200,Caminando,5.12,9,osrm,35
414,1790.0,74.0,2200,Caminando,4.52,7,osrm,100
415,5075.0,154.0,2200,Caminando,5.39,9,osrm,58
416,6120.0,100.0,2200,Caminando,5.85,10,osrm,50
417,2950.0,85.0,2200,Caminando,9.71,14,osrm,59
418,3200.0,121.0,2200,Caminando,5.45,9,osrm,59
419,7200.0,388.0,2200,Caminando,5.63,10,osrm,64
420,3360.0,50.0,2200,Caminando,5.81,9,osrm,33
421,3500.0,160.0,2200,Caminando,1229.8,1077,osrm,0
422,3400.0,80.0,2200,Caminando,8.57,12,osrm,62
423,2700.0,63.0,2200,Caminando,9.38,13,osrm,63
424,1700.0,70.0,2200,Caminando,6.04,10,osrm,91
425,3500.0,97.0,2200,Caminando,5.1,9,osrm,53
426,3450.0,144.0,2200,Caminando,14.71,17,osrm,21
427,1850.0,41.0,2200,Caminando,6.48,11,osrm,89
428,4231.0,62.0,2200,Caminando,5.32,9,osrm,65
429,2600.0,45.0,2200,Caminando,5.46,10,osrm,45
430,2950.0,140.0,2200,Caminando,12.26,17,osrm,12
431,2500.0,89.0,2200,Caminando,12.17,17,osrm,8
432,2600.0,118.0,2200,Caminando,4.25,7,osrm,50
433,2500.0,102.0,2200,Caminando,3.77,6,osrm,50
434,5250.0,63.0,2200,Caminando,6.09,10,osrm,47
435,2200.0,46.0,2200,Caminando,5.78,9,osrm,81
436,3000.0,84.0,2200,Caminando,8.77,11,osrm,53
437,3750.0,100.0,2200,Caminando,4.87,8,osrm,57
438,3350.0,135.0,2200,Caminando,11.21,16,osrm,18
439,7980.0,151.0,2200,Caminando,5.79,9,osrm,58
440,3150.0,93.0,2200,Caminando,9.82,14,osrm,53
442,2500.0,110.0,2200,Caminando,10.6,17,osrm,16
443,2933.0,63.0,2200,Caminando,5.82,10,osrm,54
444,1600.0,68.0,2200,Caminando,9.12,13,osrm,100
445,2100.0,65.0,2200,Caminando,10.0,14,osrm,100
446,2700.0,45.0,2200,Caminando,5.59,9,osrm,47
447,2750.0,80.0,2200,Caminando,14.96,17,osrm,24
448,2700.0,43.0,2200,Caminando,5.68,9,osrm,42
449,2850.0,58.0,2200,Caminando,9.71,13,osrm,35
450,2850.0,58.0,2200,Caminando,2.32,4,osrm,43
451,8675.0,440.0,2200,Caminando,3.98,6,osrm,47
452,4200.0,147.0,2200,Caminando,14.1,19,osrm,6
453,2500.0,47.0,2200,Caminando,4.77,8,osrm,49
454,2058.0,45.0,2200,Caminando,6.58,8,osrm,77
456,1000.0,40.0,2200,Caminando,12.42,18,osrm,55
457,2700.0,63.0,2200,Caminando,2.09,4,osrm,58
458,5200.0,120.0,2200,Caminando,7.54,13,osrm,64
459,2250.0,40.0,2200,Caminando,9.38,13,osrm,32
460,1600.0,78.0,2200,Caminando,4.71,7,osrm,100
461,2600.0,104.0,2200,Caminando,4.18,7,osrm,65
462,4032.0,60.0,2200,Caminando,5.78,10,osrm,36
463,2500.0,59.0,2200,Caminando,9.19,13,osrm,43
464,3700.0,62.0,2200,Caminando,5.82,9,osrm,60
465,3987.0,66.0,2200,Caminando,5.34,9,osrm,57
466,1500.0,60.0,2200,Caminando,12.25,17,osrm,45
467,1800.0,61.0,2200,Caminando,12.76,17,osrm,50
468,3100.0,80.0,2200,Caminando,9.48,13,osrm,52
469,3300.0,66.0,2200,Caminando,9.63,13,osrm,60
470,2600.0,80.0,2200,Caminando,4.25,7,osrm,53
471,2300.0,77.0,2200,Caminando,10.19,17,osrm,7
473,2100.0,56.0,2200,Caminando,6.39,11,osrm,78
474,3000.0,100.0,2200,Caminando,10.09,17,osrm,17
475,2700.0,70.0,2200,Caminando,3.33,5,osrm,59
476,2400.0,42.0,2200,Caminando,8.94,13,osrm,43
477,2700.0,49.0,2200,Caminando,4.89,8,osrm,46
478,8050.0,216.0,2200,Caminando,5.33,9,osrm,63
479,1900.0,43.0,2200,Caminando,2.12,4,osrm,86
480,4200.0,147.0,2200,Caminando,13.72,19,osrm,21
481,1900.0,43.0,2200,Caminando,2.55,5,osrm,88
482,4200.0,147.0,2200,Caminando,12.62,23,osrm,14
483,4000.0,45.0,2200,Caminando,4.88,8,osrm,36
487,2000.0,47.0,2200,Caminando,10.56,18,osrm,46
488,1850.0,44.0,2200,Caminando,10.04,16,osrm,51
489,9254.0,170.0,2200,Caminando,5.57,9,osrm,53
490,3000.0,69.0,2200,Caminando,13.12,17,osrm,21
491,3500.0,73.0,2200,Caminando,5.99,10,osrm,45
492,1900.0,45.0,2200,Caminando,10.96,18,osrm,35
493,2100.0,57.0,2200,Caminando,10.64,16,osrm,42
494,2300.0,45.0,2200,Caminando,5.34,9,osrm,31
495,7590.0,217.0,2200,Caminando,1229.8,1077,osrm,0
497,3150.0,84.0,2200,Caminando,1229.8,1077,osrm,3
498,6400.0,177.0,2200,Caminando,5.05,9,osrm,64
499,3000.0,108.0,2200,Caminando,3.54,6,osrm,49
504,4100.0,142.0,2200,Caminando,4.79,8,osrm,64
506,2400.0,50.0,2200,Caminando,5.47,10,osrm,38
507,1700.0,40.0,2200,Caminando,10.12,17,osrm,37
508,1600.0,50.0,2200,Caminando,5.01,8,osrm,80
509,3700.0,120.0,2200,Caminando,5.41,9,osrm,55
3,2750.0,60.0,1500,Bicicleta,6.69,10,osrm,34
4,9000.0,1200.0,1500,Bicicleta,12.25,18,osrm,6
5,4590.0,140.0,1500,Bicicleta,12.18,17,osrm,2
6,2500.0,70.0,1500,Bicicleta,1.5,4,osrm,30
7,1200.0,73.0,1500,Bicicleta,13.79,20,osrm,35
8,3365.0,108.0,1500,Bicicleta,11.3,17,osrm,9
9,1450.0,73.0,1500,Bicicleta,1.57,4,osrm,79
10,3048.0,68.0,1500,Bicicleta,1238.91,1087,osrm,0
11,3600.0,93.0,1500,Bicicleta,1238.91,1087,osrm,0
12,5760.0,110.0,1500,Bicicleta,1238.91,1087,osrm,0
13,2140.0,60.0,1500,Bicicleta,11.69,15,osrm,34
14,2950.0,95.0,1500,Bicicleta,1238.91,1087,osrm,0
15,2700.0,40.0,1500,Bicicleta,1238.91,1087,osrm,0
16,2600.0,40.0,1500,Bicicleta,12.31,14,osrm,44
17,2450.0,56.0,1500,Bicicleta,5.15,8,osrm,31
18,4500.0,140.0,1500,Bicicleta,1238.91,1087,osrm,0
20,8500.0,325.0,1500,Bicicleta,8.74,11,osrm,42
22,3800.0,80.0,1500,Bicicleta,7.99,10,osrm,42
23,2900.0,74.0,1500,Bicicleta,1238.91,1087,osrm,0
24,3500.0,220.0,1500,Bicicleta,24.73,32,osrm,10
25,2600.0,42.0,1500,Bicicleta,12.49,14,osrm,38
26,3205.0,72.0,1500,Bicicleta,1238.91,1087,osrm,0
27,4400.0,100.0,1500,Bicicleta,1238.91,1087,osrm,0
28,2710.0,70.0,1500,Bicicleta,11.96,14,osrm,36
29,2100.0,70.0,1500,Bicicleta,15.15,19,osrm,0
30,8500.0,251.0,1500,Bicicleta,14.54,18,osrm,0
31,6210.0,290.0,1500,Bicicleta,16.74,22,osrm,7
32,2200.0,55.0,1500,Bicicleta,1238.91,1087,osrm,0
33,2527.0,81.0,1500,Bicicleta,1238.91,1087,osrm,0
34,5100.0,121.0,1500,Bicicleta,1238.91,1087,osrm,0
35,3060.0,80.0,1500,Bicicleta,1238.91,1087,osrm,0
36,4100.0,84.0,1500,Bicicleta,1238.91,1087,osrm,0
37,3300.0,98.0,1500,Bicicleta,1238.91,1087,osrm,0
38,2700.0,69.0,1500,Bicicleta,7.84,11,osrm,38
39,2700.0,85.0,1500,Bicicleta,8.28,11,osrm,41
40,2584.0,52.0,1500,Bicicleta,12.18,16,osrm,3
41,8930.0,130.0,1500,Bicicleta,1238.91,1087,osrm,0
42,3709.0,107.0,1500,Bicicleta,1238.91,1087,osrm,0
44,3777.0,62.0,1500,Bicicleta,6.45,13,osrm,42
46,2600.0,52.0,1500,Bicicleta,7.56,10,osrm,45
47,4400.0,84.0,1500,Bicicleta,1238.91,1087,osrm,0
48,6900.0,130.0,1500,Bicicleta,1238.91,1087,osrm,0
49,2333.0,55.0,1500,Bicicleta,12.79,14,osrm,33
50,4500.0,74.0,1500,Bicicleta,1238.91,1087,osrm,0
51,5500.0,160.0,1500,Bicicleta,1238.91,1087,osrm,0
52,1600.0,84.0,1500,Bicicleta,10.32,15,osrm,34
53,3500.0,92.0,1500,Bicicleta,1238.91,1087,osrm,0
54,4836.0,94.0,1500,Bicicleta,12.0,14,osrm,36
56,3380.0,69.0,1500,Bicicleta,1238.91,1087,osrm,0
58,8700.0,333.0,1500,Bicicleta,1238.91,1087,osrm,0
59,3700.0,118.0,1500,Bicicleta,1238.91,1087,osrm,0
60,3280.0,78.0,1500,Bicicleta,1238.91,1087,osrm,0
61,2760.0,58.0,1500,Bicicleta,1238.91,1087,osrm,0
62,4400.0,190.0,1500,Bicicleta,1238.91,1087,osrm,0
63,4300.0,93.0,1500,Bicicleta,1238.91,1087,osrm,0
64,3000.0,78.0,1500,Bicicleta,1238.91,1087,osrm,0
65,2700.0,75.0,1500,Bicicleta,5.42,8,osrm,46
66,4617.0,146.0,1500,Bicicleta,11.72,14,osrm,37
67,3000.0,79.0,1500,Bicicleta,6.62,13,osrm,32
68,2300.0,59.0,1500,Bicicleta,5.53,9,osrm,49
69,2243.0,75.0,1500,Bicicleta,1238.91,1087,osrm,0
70,3990.0,68.0,1500,Bicicleta,1238.91,1087,osrm,0
71,3800.0,69.0,1500,Bicicleta,1238.91,1087,osrm,0
72,2200.0,69.0,1500,Bicicleta,4.28,7,osrm,37
73,3200.0,84.0,1500,Bicicleta,1238.91,1087,osrm,0
75,3350.0,70.0,1500,Bicicleta,1238.91,1087,osrm,0
77,5175.0,135.0,1500,Bicicleta,1238.91,1087,osrm,0
78,5040.0,180.0,1500,Bicicleta,1238.91,1087,osrm,0
79,2510.0,45.0,1500,Bicicleta,12.69,16,osrm,0
80,9400.0,203.0,1500,Bicicleta,1238.91,1087,osrm,0
81,3190.0,63.0,1500,Bicicleta,1238.91,1087,osrm,0
82,3480.0,64.0,1500,Bicicleta,1238.91,1087,osrm,0
83,2780.0,53.0,1500,Bicicleta,1238.91,1087,osrm,0
84,2700.0,43.0,1500,Bicicleta,12.25,15,osrm,36
85,3855.0,76.0,1500,Bicicleta,1238.91,1087,osrm,0
87,6210.0,180.0,1500,Bicicleta,1238.91,1087,osrm,0
88,2800.0,80.0,1500,Bicicleta,1238.91,1087,osrm,0
89,4685.0,100.0,1500,Bicicleta,1238.91,1087,osrm,0
90,2600.0,55.0,1500,Bicicleta,5.11,8,osrm,34
91,6170.0,168.0,1500,Bicicleta,1238.91,1087,osrm,0
92,4140.0,106.0,1500,Bicicleta,1238.91,1087,osrm,0
93,3100.0,85.0,1500,Bicicleta,7.32,14,osrm,37
94,3700.0,92.0,1500,Bicicleta,1238.91,1087,osrm,0
95,7370.0,220.0,1500,Bicicleta,13.29,19,osrm,4
97,9800.0,172.0,1500,Bicicleta,1238.91,1087,osrm,0
98,2400.0,69.0,1500,Bicicleta,1238.91,1087,osrm,0
99,3000.0,100.0,1500,Bicicleta,4.24,7,osrm,45
100,4650.0,100.0,1500,Bicicleta,12.6,17,osrm,0
101,8500.0,200.0,1500,Bicicleta,1238.91,1087,osrm,0
103,5160.0,135.0,1500,Bicicleta,1238.91,1087,osrm,0
104,5780.0,125.0,1500,Bicicleta,12.0,14,osrm,45
105,3790.0,100.0,1500,Bicicleta,1238.91,1087,osrm,0
106,2900.0,71.0,1500,Bicicleta,4.52,7,osrm,38
107,6800.0,154.0,1500,Bicicleta,1238.91,1087,osrm,0
108,4380.0,86.0,1500,Bicicleta,1238.91,1087,osrm,0
109,2530.0,48.0,1500,Bicicleta,5.28,9,osrm,39
110,2360.0,42.0,1500,Bicicleta,12.31,15,osrm,50
112,2900.0,65.0,1500,Bicicleta,1238.91,1087,osrm,0
113,2900.0,69.0,1500,Bicicleta,6.66,13,osrm,41
114,2177.0,40.0,1500,Bicicleta,12.86,16,osrm,0
115,9045.0,316.0,1500,Bicicleta,1238.91,1087,osrm,0
116,2800.0,71.0,1500,Bicicleta,7.63,11,osrm,45
117,3230.0,58.0,1500,Bicicleta,13.17,17,osrm,0
118,7480.0,200.0,1500,Bicicleta,1238.91,1087,osrm,0
122,2400.0,62.0,1500,Bicicleta,1.84,4,osrm,31
123,3200.0,79.0,1500,Bicicleta,3.65,8,osrm,33
124,7400.0,208.0,1500,Bicicleta,7.97,12,osrm,40
125,1700.0,70.0,1500,Bicicleta,3.1,6,osrm,34
126,2600.0,70.0,1500,Bicicleta,4.11,8,osrm,34
127,3777.0,62.0,1500,Bicicleta,7.72,12,osrm,48
128,2057.0,52.0,1500,Bicicleta,7.48,11,osrm,49
129,3000.0,98.0,1500,Bicicleta,3.49,7,osrm,38
130,2200.0,76.0,1500,Bicicleta,3.39,7,osrm,46
131,900.0,54.0,1500,Bicicleta,11.25,20,osrm,42
132,3100.0,64.0,1500,Bicicleta,12.23,17,osrm,4
133,2200.0,55.0,1500,Bicicleta,7.97,15,osrm,45
134,1800.0,61.0,1500,Bicicleta,18.78,28,osrm,0
135,3100.0,67.0,1500,Bicicleta,7.12,10,osrm,32
136,3100.0,63.0,1500,Bicicleta,7.53,12,osrm,34
137,1300.0,31.0,1500,Bicicleta,3.73,7,osrm,85
138,3000.0,114.0,1500,Bicicleta,12.2,17,osrm,0
139,2350.0,60.0,1500,Bicicleta,3.19,7,osrm,32
140,2750.0,46.0,1500,Bicicleta,7.38,11,osrm,30
141,3550.0,124.0,1500,Bicicleta,13.21,18,osrm,0
142,7480.0,300.0,1500,Bicicleta,9.38,13,osrm,47
143,3850.0,60.0,1500,Bicicleta,8.59,12,osrm,38
144,4000.0,100.0,1500,Bicicleta,1238.91,1087,osrm,0
145,4450.0,150.0,1500,Bicicleta,12.32,17,osrm,0
146,7000.0,265.0,1500,Bicicleta,7.61,11,osrm,47
147,2400.0,82.0,1500,Bicicleta,5.98,12,osrm,48
149,3850.0,45.0,1500,Bicicleta,6.74,10,osrm,49
150,4500.0,60.0,1500,Bicicleta,7.71,12,osrm,47
151,999.0,18.0,1500,Bicicleta,12.13,17,osrm,43
152,1200.0,60.0,1500,Bicicleta,10.01,15,osrm,85
153,2450.0,70.0,1500,Bicicleta,7.03,13,osrm,35
154,1850.0,74.0,1500,Bicicleta,5.76,12,osrm,31
155,1700.0,41.0,1500,Bicicleta,7.58,14,osrm,31
156,2800.0,60.0,1500,Bicicleta,7.9,11,osrm,36
157,2500.0,48.0,1500,Bicicleta,7.11,10,osrm,45
158,2300.0,40.0,1500,Bicicleta,7.39,11,osrm,47
159,3852.0,130.0,1500,Bicicleta,12.43,18,osrm,5
160,2750.0,45.0,1500,Bicicleta,7.94,12,osrm,31
161,2650.0,60.0,1500,Bicicleta,7.31,11,osrm,41
162,3500.0,60.0,1500,Bicicleta,6.75,11,osrm,39
163,4300.0,210.0,1500,Bicicleta,12.29,17,osrm,2
164,3325.0,46.0,1500,Bicicleta,7.41,11,osrm,46
165,4200.0,86.0,1500,Bicicleta,8.41,12,osrm,41
166,9760.0,300.0,1500,Bicicleta,7.35,11,osrm,34
167,5650.0,216.0,1500,Bicicleta,6.7,10,osrm,33
168,6960.0,172.0,1500,Bicicleta,8.67,11,osrm,37
171,3660.0,73.0,1500,Bicicleta,7.65,12,osrm,41
172,2800.0,67.0,1500,Bicicleta,7.35,11,osrm,35
173,2700.0,66.0,1500,Bicicleta,2.94,6,osrm,33
174,2098.0,60.0,1500,Bicicleta,7.21,14,osrm,39
175,6840.0,275.0,1500,Bicicleta,11.84,16,osrm,0
176,3750.0,117.0,1500,Bicicleta,7.75,11,osrm,41
177,2300.0,61.0,1500,Bicicleta,3.43,7,osrm,32
178,2700.0,45.0,1500,Bicicleta,8.6,12,osrm,32
180,2800.0,89.0,1500,Bicicleta,3.28,7,osrm,38
181,3400.0,81.0,1500,Bicicleta,8.19,12,osrm,34
183,6840.0,198.0,1500,Bicicleta,8.4,12,osrm,46
184,8500.0,262.0,1500,Bicicleta,11.42,16,osrm,0
185,2590.0,42.0,1500,Bicicleta,7.92,11,osrm,45
186,2200.0,56.0,1500,Bicicleta,4.71,10,osrm,33
188,3400.0,60.0,1500,Bicicleta,7.44,11,osrm,34
190,2500.0,45.0,1500,Bicicleta,7.19,11,osrm,35
192,6420.0,205.0,1500,Bicicleta,11.97,17,osrm,0
193,3230.0,62.0,1500,Bicicleta,7.65,11,osrm,50
195,5100.0,150.0,1500,Bicicleta,6.54,10,osrm,32
196,3905.0,143.0,1500,Bicicleta,8.22,14,osrm,41
197,2200.0,120.0,1500,Bicicleta,12.72,18,osrm,0
199,2800.0,96.0,1500,Bicicleta,8.12,10,osrm,42
200,2650.0,80.0,1500,Bicicleta,7.68,10,osrm,34
201,4930.0,123.0,1500,Bicicleta,1238.91,1087,osrm,0
202,2900.0,95.0,1500,Bicicleta,7.24,11,osrm,34
203,2950.0,46.0,1500,Bicicleta,7.71,12,osrm,39
204,4590.0,100.0,1500,Bicicleta,3.95,6,osrm,40
205,2500.0,85.0,1500,Bicicleta,12.32,17,osrm,0
207,3000.0,78.0,1500,Bicicleta,1238.91,1087,osrm,0
208,4446.0,117.0,1500,Bicicleta,6.91,10,osrm,33
209,5568.0,131.0,1500,Bicicleta,7.2,11,osrm,40
210,5500.0,200.0,1500,Bicicleta,15.71,21,osrm,4
211,3800.0,80.0,1500,Bicicleta,12.03,19,osrm,2
212,3910.0,100.0,1500,Bicicleta,12.13,17,osrm,0
213,4389.0,120.0,1500,Bicicleta,1238.91,1087,osrm,0
214,3200.0,73.0,1500,Bicicleta,3.76,7,osrm,39
215,2700.0,130.0,1500,Bicicleta,7.74,11,osrm,46
216,3600.0,63.0,1500,Bicicleta,7.18,11,osrm,47
218,3481.0,127.0,1500,Bicicleta,9.14,13,osrm,33
219,4050.0,120.0,1500,Bicicleta,7.52,11,osrm,36
220,2300.0,84.0,1500,Bicicleta,8.94,12,osrm,36
221,6300.0,280.0,1500,Bicicleta,8.0,11,osrm,47
222,8625.0,161.0,1500,Bicicleta,7.61,11,osrm,43
223,4650.0,92.0,1500,Bicicleta,13.78,17,osrm,0
224,4150.0,115.0,1500,Bicicleta,12.44,17,osrm,2
225,8510.0,280.0,1500,Bicicleta,12.99,19,osrm,0
227,6000.0,143.0,1500,Bicicleta,7.66,11,osrm,49
228,3276.0,130.0,1500,Bicicleta,12.0,17,osrm,0
230,9716.0,405.0,1500,Bicicleta,12.75,17,osrm,1
231,3500.0,131.0,1500,Bicicleta,9.09,13,osrm,48
232,3000.0,100.0,1500,Bicicleta,13.5,17,osrm,9
233,2000.0,84.0,1500,Bicicleta,7.02,14,osrm,36
234,1750.0,40.0,1500,Bicicleta,12.74,18,osrm,7
235,2200.0,42.0,1500,Bicicleta,13.06,17,osrm,0
236,1800.0,48.0,1500,Bicicleta,1.86,5,osrm,49
237,3100.0,120.0,1500,Bicicleta,1238.91,1087,osrm,0
238,8500.0,180.0,1500,Bicicleta,1238.91,1087,osrm,0
239,3502.0,81.0,1500,Bicicleta,7.66,11,osrm,44
241,3000.0,60.0,1500,Bicicleta,1238.91,1087,osrm,0
242,4342.0,110.0,1500,Bicicleta,1238.91,1087,osrm,0
244,4500.0,2500.0,1500,Bicicleta,17.66,24,osrm,9
245,1250.0,38.0,1500,Bicicleta,9.28,13,osrm,74
246,3430.0,60.0,1500,Bicicleta,1238.91,1087,osrm,0
248,2200.0,70.0,1500,Bicicleta,7.14,14,osrm,46
249,1500.0,153.0,1500,Bicicleta,15.98,24,osrm,38
250,4500.0,2000.0,1500,Bicicleta,12.21,17,osrm,9
251,5900.0,5000.0,1500,Bicicleta,11.67,21,osrm,7
252,3900.0,1012.0,1500,Bicicleta,19.49,27,osrm,3
253,3000.0,1012.0,1500,Bicicleta,11.67,21,osrm,9
254,2200.0,1012.0,1500,Bicicleta,6.29,10,osrm,36
255,6300.0,5000.0,1500,Bicicleta,7.95,13,osrm,46
256,2900.0,3000.0,1500,Bicicleta,19.34,33,osrm,9
257,1500.0,65.0,1500,Bicicleta,1.89,4,osrm,80
258,1800.0,72.0,1500,Bicicleta,2.12,5,osrm,45
259,2300.0,60.0,1500,Bicicleta,7.95,15,osrm,49
260,2600.0,61.0,1500,Bicicleta,1238.91,1087,osrm,0
261,5250.0,110.0,1500,Bicicleta,13.37,17,osrm,0
262,1980.0,41.0,1500,Bicicleta,12.35,15,osrm,50
263,3200.0,105.0,1500,Bicicleta,4.05,8,osrm,42
264,4100.0,120.0,1500,Bicicleta,1238.91,1087,osrm,0
265,4718.0,120.0,1500,Bicicleta,1238.91,1087,osrm,0
266,4250.0,73.0,1500,Bicicleta,1238.91,1087,osrm,0
267,2950.0,64.0,1500,Bicicleta,12.73,18,osrm,9
268,3000.0,75.0,1500,Bicicleta,5.03,8,osrm,46
269,3450.0,80.0,1500,Bicicleta,1238.91,1087,osrm,0
270,2500.0,43.0,1500,Bicicleta,11.98,16,osrm,0
271,2800.0,60.0,1500,Bicicleta,6.97,14,osrm,40
272,4800.0,145.0,1500,Bicicleta,1238.91,1087,osrm,0
273,3450.0,91.0,1500,Bicicleta,1238.91,1087,osrm,0
274,2800.0,89.0,1500,Bicicleta,13.02,17,osrm,1
275,2300.0,72.0,1500,Bicicleta,1238.91,1087,osrm,0
276,2500.0,75.0,1500,Bicicleta,5.26,8,osrm,47
277,1750.0,90.0,1500,Bicicleta,8.04,11,osrm,47
278,3260.0,64.0,1500,Bicicleta,1238.91,1087,osrm,0
279,4040.0,104.0,1500,Bicicleta,1238.91,1087,osrm,0
280,4875.0,115.0,1500,Bicicleta,1238.91,1087,osrm,0
281,4100.0,95.0,1500,Bicicleta,1238.91,1087,osrm,0
282,3000.0,120.0,1500,Bicicleta,14.87,26,osrm,0
283,3259.0,87.0,1500,Bicicleta,1238.91,1087,osrm,0
284,2932.0,70.0,1500,Bicicleta,7.07,14,osrm,32
285,1800.0,75.0,1500,Bicicleta,3.11,6,osrm,49
286,1350.0,55.0,1500,Bicicleta,7.48,12,osrm,77
287,2700.0,70.0,1500,Bicicleta,1238.91,1087,osrm,0
288,4381.0,130.0,1500,Bicicleta,7.35,14,osrm,34
289,3880.0,120.0,1500,Bicicleta,11.34,14,osrm,44
290,2970.0,55.0,1500,Bicicleta,1238.91,1087,osrm,0
291,4300.0,90.0,1500,Bicicleta,1238.91,1087,osrm,0
292,2150.0,0.0,1500,Bicicleta,5.16,8,osrm,43
293,4100.0,130.0,1500,Bicicleta,1238.91,1087,osrm,0
294,2990.0,75.0,1500,Bicicleta,5.82,10,osrm,39
295,2100.0,90.0,1500,Bicicleta,2.3,6,osrm,40
296,2500.0,90.0,1500,Bicicleta,5.47,9,osrm,46
297,7610.0,147.0,1500,Bicicleta,1238.91,1087,osrm,0
298,2300.0,47.0,1500,Bicicleta,5.36,9,osrm,47
299,3500.0,86.0,1500,Bicicleta,4.75,8,osrm,32
300,2659.0,52.0,1500,Bicicleta,1238.91,1087,osrm,0
301,2300.0,70.0,1500,Bicicleta,8.23,11,osrm,42
302,3538.0,70.0,1500,Bicicleta,1238.91,1087,osrm,0
303,4300.0,62.0,1500,Bicicleta,1238.91,1087,osrm,0
304,2639.0,52.0,1500,Bicicleta,1238.91,1087,osrm,0
305,3240.0,61.0,1500,Bicicleta,1238.91,1087,osrm,0
306,2350.0,46.0,1500,Bicicleta,7.51,14,osrm,36
307,4450.0,130.0,1500,Bicicleta,1238.91,1087,osrm,0
308,5527.0,200.0,1500,Bicicleta,1238.91,1087,osrm,0
309,2500.0,51.0,1500,Bicicleta,11.97,14,osrm,47
310,4200.0,77.0,1500,Bicicleta,1238.91,1087,osrm,0
311,2000.0,60.0,1500,Bicicleta,8.64,11,osrm,36
312,4800.0,120.0,1500,Bicicleta,12.41,15,osrm,45
313,2300.0,60.0,1500,Bicicleta,13.26,17,osrm,0
314,3690.0,80.0,1500,Bicicleta,1238.91,1087,osrm,0
315,2271.0,42.0,1500,Bicicleta,12.74,15,osrm,37
316,2900.0,70.0,1500,Bicicleta,1238.91,1087,osrm,0
317,2999.0,75.0,1500,Bicicleta,5.46,9,osrm,44
318,1850.0,45.0,1500,Bicicleta,12.07,14,osrm,44
319,3400.0,75.0,1500,Bicicleta,4.93,8,osrm,32
320,2400.0,64.0,1500,Bicicleta,11.86,15,osrm,32
321,2000.0,60.0,1500,Bicicleta,11.99,15,osrm,43
322,3500.0,88.0,1500,Bicicleta,1238.91,1087,osrm,0
323,3500.0,88.0,1500,Bicicleta,13.02,17,osrm,0
324,2300.0,52.0,1500,Bicicleta,5.24,8,osrm,33
325,4250.0,100.0,1500,Bicicleta,1238.91,1087,osrm,0
326,3700.0,76.0,1500,Bicicleta,1238.91,1087,osrm,0
327,2450.0,70.0,1500,Bicicleta,14.85,18,osrm,3
328,4650.0,100.0,1500,Bicicleta,1238.91,1087,osrm,0
329,2400.0,47.0,1500,Bicicleta,12.62,17,osrm,3
330,2400.0,50.0,1500,Bicicleta,6.97,13,osrm,43
332,2200.0,43.0,1500,Bicicleta,12.82,16,osrm,4
333,3150.0,98.0,1500,Bicicleta,1238.91,1087,osrm,0
334,3258.0,100.0,1500,Bicicleta,1238.91,1087,osrm,0
335,3500.0,97.0,1500,Bicicleta,1238.91,1087,osrm,0
336,6174.0,140.0,1500,Bicicleta,1238.91,1087,osrm,0
337,2776.0,41.0,1500,Bicicleta,1238.91,1087,osrm,0
338,4300.0,128.0,1500,Bicicleta,1238.91,1087,osrm,0
339,1500.0,120.0,1500,Bicicleta,11.19,16,osrm,34
340,2770.0,55.0,1500,Bicicleta,1238.91,1087,osrm,0
341,2550.0,40.0,1500,Bicicleta,12.48,17,osrm,4
342,2890.0,60.0,1500,Bicicleta,1238.91,1087,osrm,0
343,3500.0,84.0,1500,Bicicleta,1238.91,1087,osrm,0
344,2420.0,60.0,1500,Bicicleta,1238.91,1087,osrm,0
345,3700.0,80.0,1500,Bicicleta,7.27,10,osrm,43
346,5175.0,120.0,1500,Bicicleta,1238.91,1087,osrm,0
347,1700.0,60.0,1500,Bicicleta,5.4,9,osrm,45
348,1700.0,60.0,1500,Bicicleta,5.24,8,osrm,41
349,8000.0,305.0,1500,Bicicleta,1238.91,1087,osrm,0
350,3500.0,74.0,1500,Bicicleta,12.25,16,osrm,0
351,2300.0,70.0,1500,Bicicleta,12.53,17,osrm,5
353,2300.0,60.0,1500,Bicicleta,12.28,15,osrm,36
354,2500.0,78.0,1500,Bicicleta,1238.91,1087,osrm,0
355,5190.0,140.0,1500,Bicicleta,12.41,14,osrm,39
356,2933.0,110.0,1500,Bicicleta,1238.91,1087,osrm,0
357,3400.0,90.0,1500,Bicicleta,12.3,17,osrm,3
358,2500.0,49.0,1500,Bicicleta,4.18,7,osrm,50
359,2750.0,61.0,1500,Bicicleta,7.35,14,osrm,36
360,5160.0,102.0,1500,Bicicleta,1238.91,1087,osrm,0
361,2900.0,52.0,1500,Bicicleta,1238.91,1087,osrm,0
362,2250.0,65.0,1500,Bicicleta,1238.91,1087,osrm,0
364,2900.0,60.0,1500,Bicicleta,1238.91,1087,osrm,0
365,3100.0,65.0,1500,Bicicleta,3.55,6,osrm,45
366,2400.0,55.0,1500,Bicicleta,7.59,10,osrm,33
367,3800.0,64.0,1500,Bicicleta,12.46,14,osrm,49
368,4140.0,86.0,1500,Bicicleta,1238.91,1087,osrm,0
369,2800.0,61.0,1500,Bicicleta,12.11,15,osrm,40
370,3500.0,81.0,1500,Bicicleta,1238.91,1087,osrm,0
371,2000.0,78.0,1500,Bicicleta,3.14,7,osrm,49
372,4020.0,103.0,1500,Bicicleta,1238.91,1087,osrm,0
373,6120.0,135.0,1500,Bicicleta,1238.91,1087,osrm,0
375,3315.0,70.0,1500,Bicicleta,8.13,16,osrm,0
376,2200.0,48.0,1500,Bicicleta,13.22,17,osrm,5
377,2600.0,60.0,1500,Bicicleta,12.27,15,osrm,43
378,3600.0,87.0,1500,Bicicleta,1238.91,1087,osrm,0
379,2700.0,70.0,1500,Bicicleta,1238.91,1087,osrm,0
380,7550.0,200.0,1500,Bicicleta,1238.91,1087,osrm,0
381,3500.0,138.0,1500,Bicicleta,1238.91,1087,osrm,0
382,8395.0,200.0,1500,Bicicleta,1238.91,1087,osrm,0
383,2970.0,73.0,1500,Bicicleta,5.4,8,osrm,42
384,3000.0,92.0,1500,Bicicleta,6.9,14,osrm,38
385,2620.0,80.0,1500,Bicicleta,12.42,17,osrm,0
387,2250.0,42.0,1500,Bicicleta,12.95,17,osrm,9
388,2898.0,70.0,1500,Bicicleta,14.05,20,osrm,0
389,9000.0,130.0,1500,Bicicleta,1238.91,1087,osrm,0
390,2300.0,93.0,1500,Bicicleta,7.62,10,osrm,44
391,2500.0,79.0,1500,Bicicleta,2.53,5,osrm,43
392,9436.0,233.0,1500,Bicicleta,12.68,18,osrm,5
394,2400.0,52.0,1500,Bicicleta,1238.91,1087,osrm,0
397,2900.0,55.0,1500,Bicicleta,1238.91,1087,osrm,0
398,4020.0,131.0,1500,Bicicleta,12.44,16,osrm,0
400,3000.0,75.0,1500,Bicicleta,1238.91,1087,osrm,0
401,2900.0,80.0,1500,Bicicleta,1238.91,1087,osrm,0
402,6800.0,182.0,1500,Bicicleta,1238.91,1087,osrm,0
403,8027.0,207.0,1500,Bicicleta,12.35,15,osrm,39
405,4500.0,2500.0,1500,Bicicleta,23.68,30,osrm,7
406,3050.0,52.0,1500,Bicicleta,1238.91,1087,osrm,0
407,2600.0,48.0,1500,Bicicleta,1238.91,1087,osrm,0
408,3385.0,65.0,1500,Bicicleta,1238.91,1087,osrm,0
409,2995.0,75.0,1500,Bicicleta,1238.91,1087,osrm,0
410,7875.0,160.0,1500,Bicicleta,13.51,17,osrm,7
411,2600.0,90.0,1500,Bicicleta,6.88,14,osrm,38
412,3780.0,60.0,1500,Bicicleta,7.19,11,osrm,50
414,1790.0,74.0,1500,Bicicleta,12.32,17,osrm,0
415,5075.0,154.0,1500,Bicicleta,7.89,12,osrm,35
416,6120.0,100.0,1500,Bicicleta,7.69,12,osrm,45
417,2950.0,85.0,1500,Bicicleta,4.21,9,osrm,38
418,3200.0,121.0,1500,Bicicleta,7.38,11,osrm,48
419,7200.0,388.0,1500,Bicicleta,7.62,12,osrm,34
420,3360.0,50.0,1500,Bicicleta,8.31,12,osrm,34
421,3500.0,160.0,1500,Bicicleta,1238.91,1087,osrm,0
422,3400.0,80.0,1500,Bicicleta,3.75,7,osrm,45
423,2700.0,63.0,1500,Bicicleta,3.48,7,osrm,45
424,1700.0,70.0,1500,Bicicleta,14.8,19,osrm,1
425,3500.0,97.0,1500,Bicicleta,7.59,11,osrm,49
426,3450.0,144.0,1500,Bicicleta,13.16,20,osrm,3
427,1850.0,41.0,1500,Bicicleta,7.64,12,osrm,41
428,4231.0,62.0,1500,Bicicleta,7.81,11,osrm,43
429,2600.0,45.0,1500,Bicicleta,7.39,12,osrm,41
430,2950.0,140.0,1500,Bicicleta,7.54,14,osrm,36
431,2500.0,89.0,1500,Bicicleta,7.45,14,osrm,50
432,2600.0,118.0,1500,Bicicleta,12.05,17,osrm,7
433,2500.0,102.0,1500,Bicicleta,11.57,16,osrm,6
434,5250.0,63.0,1500,Bicicleta,7.85,12,osrm,48
435,2200.0,46.0,1500,Bicicleta,8.27,12,osrm,48
436,3000.0,84.0,1500,Bicicleta,2.81,6,osrm,39
437,3750.0,100.0,1500,Bicicleta,9.0,12,osrm,49
438,3350.0,135.0,1500,Bicicleta,7.92,15,osrm,41
439,7980.0,151.0,1500,Bicicleta,6.95,10,osrm,32
440,3150.0,93.0,1500,Bicicleta,4.16,9,osrm,36
442,2500.0,110.0,1500,Bicicleta,5.43,11,osrm,34
443,2933.0,63.0,1500,Bicicleta,7.58,11,osrm,49
444,1600.0,68.0,1500,Bicicleta,9.43,15,osrm,43
445,2100.0,65.0,1500,Bicicleta,3.79,8,osrm,46
446,2700.0,45.0,1500,Bicicleta,6.74,10,osrm,31
447,2750.0,80.0,1500,Bicicleta,13.41,20,osrm,0
448,2700.0,43.0,1500,Bicicleta,8.17,11,osrm,33
449,2850.0,58.0,1500,Bicicleta,3.75,7,osrm,48
450,2850.0,58.0,1500,Bicicleta,7.64,11,osrm,38
451,8675.0,440.0,1500,Bicicleta,11.78,16,osrm,0
452,4200.0,147.0,1500,Bicicleta,14.4,21,osrm,4
453,2500.0,47.0,1500,Bicicleta,7.26,10,osrm,47
454,2058.0,45.0,1500,Bicicleta,14.93,17,osrm,0
456,1000.0,40.0,1500,Bicicleta,7.35,14,osrm,90
457,2700.0,63.0,1500,Bicicleta,7.64,11,osrm,33
458,5200.0,120.0,1500,Bicicleta,7.12,14,osrm,41
459,2250.0,40.0,1500,Bicicleta,3.54,7,osrm,30
460,1600.0,78.0,1500,Bicicleta,12.51,18,osrm,0
461,2600.0,104.0,1500,Bicicleta,11.98,17,osrm,1
462,4032.0,60.0,1500,Bicicleta,7.67,12,osrm,31
463,2500.0,59.0,1500,Bicicleta,4.12,8,osrm,36
464,3700.0,62.0,1500,Bicicleta,8.31,12,osrm,49
465,3987.0,66.0,1500,Bicicleta,6.97,10,osrm,49
466,1500.0,60.0,1500,Bicicleta,7.53,14,osrm,90
467,1800.0,61.0,1500,Bicicleta,8.22,16,osrm,0
468,3100.0,80.0,1500,Bicicleta,3.52,7,osrm,46
469,3300.0,66.0,1500,Bicicleta,3.67,8,osrm,48
470,2600.0,80.0,1500,Bicicleta,12.05,17,osrm,8
471,2300.0,77.0,1500,Bicicleta,5.41,11,osrm,49
473,2100.0,56.0,1500,Bicicleta,7.54,11,osrm,44
474,3000.0,100.0,1500,Bicicleta,5.72,12,osrm,45
475,2700.0,70.0,1500,Bicicleta,11.12,15,osrm,40
476,2400.0,42.0,1500,Bicicleta,6.91,13,osrm,40
477,2700.0,49.0,1500,Bicicleta,7.38,11,osrm,31
478,8050.0,216.0,1500,Bicicleta,7.26,11,osrm,38
479,1900.0,43.0,1500,Bicicleta,7.8,10,osrm,34
480,4200.0,147.0,1500,Bicicleta,14.03,20,osrm,0
481,1900.0,43.0,1500,Bicicleta,7.9,11,osrm,42
482,4200.0,147.0,1500,Bicicleta,14.88,26,osrm,2
483,4000.0,45.0,1500,Bicicleta,7.38,11,osrm,35
487,2000.0,47.0,1500,Bicicleta,5.79,12,osrm,45
488,1850.0,44.0,1500,Bicicleta,5.73,11,osrm,38
489,9254.0,170.0,1500,Bicicleta,8.06,11,osrm,43
490,3000.0,69.0,1500,Bicicleta,7.96,15,osrm,49
491,3500.0,73.0,1500,Bicicleta,7.14,11,osrm,38
492,1900.0,45.0,1500,Bicicleta,5.88,12,osrm,49
493,2100.0,57.0,1500,Bicicleta,4.76,10,osrm,40
494,2300.0,45.0,1500,Bicicleta,7.84,11,osrm,48
495,7590.0,217.0,1500,Bicicleta,1238.91,1087,osrm,0
497,3150.0,84.0,1500,Bicicleta,1238.91,1087,osrm,0
498,6400.0,177.0,1500,Bicicleta,7.54,11,osrm,30
499,3000.0,108.0,1500,Bicicleta,12.72,16,osrm,0
504,4100.0,142.0,1500,Bicicleta,12.59,18,osrm,4
506,2400.0,50.0,1500,Bicicleta,7.33,11,osrm,41
507,1700.0,40.0,1500,Bicicleta,5.93,12,osrm,32
508,1600.0,50.0,1500,Bicicleta,8.02,11,osrm,38
509,3700.0,120.0,1500,Bicicleta,7.46,12,osrm,36
3,2750.0,60.0,1800,Auto,2.87,6,osrm,46
4,9000.0,1200.0,1800,Auto,9.04,14,osrm,51
5,4590.0,140.0,1800,Auto,6.84,11,osrm,65
6,2500.0,70.0,1800,Auto,9.04,14,osrm,50
7,1200.0,73.0,1800,Auto,13.54,17,osrm,60
8,3365.0,108.0,1800,Auto,18.94,26,osrm,8
9,1450.0,73.0,1800,Auto,9.11,14,osrm,100
10,3048.0,68.0,1800,Auto,1232.61,1081,osrm,4
11,3600.0,93.0,1800,Auto,1232.61,1081,osrm,0
12,5760.0,110.0,1800,Auto,1232.61,1081,osrm,0
13,2140.0,60.0,1800,Auto,5.38,9,osrm,45
14,2950.0,95.0,1800,Auto,1232.61,1081,osrm,4
15,2700.0,40.0,1800,Auto,1232.61,1081,osrm,0
16,2600.0,40.0,1800,Auto,6.0,8,osrm,49
17,2450.0,56.0,1800,Auto,3.9,7,osrm,44
18,4500.0,140.0,1800,Auto,1232.61,1081,osrm,1
20,8500.0,325.0,1800,Auto,2.43,5,osrm,45
22,3800.0,80.0,1800,Auto,1.68,4,osrm,52
23,2900.0,74.0,1800,Auto,1232.61,1081,osrm,0
24,3500.0,220.0,1800,Auto,32.37,42,osrm,16
25,2600.0,42.0,1800,Auto,6.18,8,osrm,46
26,3205.0,72.0,1800,Auto,1232.61,1081,osrm,0
27,4400.0,100.0,1800,Auto,1232.61,1081,osrm,2
28,2710.0,70.0,1800,Auto,5.65,8,osrm,57
29,2100.0,70.0,1800,Auto,8.84,13,osrm,64
30,8500.0,251.0,1800,Auto,8.23,12,osrm,62
31,6210.0,290.0,1800,Auto,10.44,16,osrm,24
32,2200.0,55.0,1800,Auto,1232.61,1081,osrm,0
33,2527.0,81.0,1800,Auto,1232.61,1081,osrm,0
34,5100.0,121.0,1800,Auto,1232.61,1081,osrm,0
35,3060.0,80.0,1800,Auto,1232.61,1081,osrm,0
36,4100.0,84.0,1800,Auto,1232.61,1081,osrm,4
37,3300.0,98.0,1800,Auto,1232.61,1081,osrm,0
38,2700.0,69.0,1800,Auto,2.73,5,osrm,55
39,2700.0,85.0,1800,Auto,2.71,5,osrm,47
40,2584.0,52.0,1800,Auto,5.87,10,osrm,33
41,8930.0,130.0,1800,Auto,1232.61,1081,osrm,0
42,3709.0,107.0,1800,Auto,1232.61,1081,osrm,0
44,3777.0,62.0,1800,Auto,6.42,11,osrm,48
46,2600.0,52.0,1800,Auto,1.71,4,osrm,47
47,4400.0,84.0,1800,Auto,1232.61,1081,osrm,3
48,6900.0,130.0,1800,Auto,1232.61,1081,osrm,0
49,2333.0,55.0,1800,Auto,6.48,8,osrm,36
50,4500.0,74.0,1800,Auto,1232.61,1081,osrm,1
51,5500.0,160.0,1800,Auto,1232.61,1081,osrm,1
52,1600.0,84.0,1800,Auto,17.96,24,osrm,49
53,3500.0,92.0,1800,Auto,1232.61,1081,osrm,1
54,4836.0,94.0,1800,Auto,5.7,8,osrm,45
56,3380.0,69.0,1800,Auto,1232.61,1081,osrm,0
58,8700.0,333.0,1800,Auto,1232.61,1081,osrm,0
59,3700.0,118.0,1800,Auto,1232.61,1081,osrm,0
60,3280.0,78.0,1800,Auto,1232.61,1081,osrm,0
61,2760.0,58.0,1800,Auto,1232.61,1081,osrm,0
62,4400.0,190.0,1800,Auto,1232.61,1081,osrm,0
63,4300.0,93.0,1800,Auto,1232.61,1081,osrm,0
64,3000.0,78.0,1800,Auto,1232.61,1081,osrm,4
65,2700.0,75.0,1800,Auto,3.41,6,osrm,56
66,4617.0,146.0,1800,Auto,5.41,8,osrm,63
67,3000.0,79.0,1800,Auto,6.24,11,osrm,58
68,2300.0,59.0,1800,Auto,3.55,7,osrm,42
69,2243.0,75.0,1800,Auto,1232.61,1081,osrm,0
70,3990.0,68.0,1800,Auto,1232.61,1081,osrm,0
71,3800.0,69.0,1800,Auto,1232.61,1081,osrm,0
72,2200.0,69.0,1800,Auto,3.89,7,osrm,47
73,3200.0,84.0,1800,Auto,1232.61,1081,osrm,0
75,3350.0,70.0,1800,Auto,1232.61,1081,osrm,5
77,5175.0,135.0,1800,Auto,1232.61,1081,osrm,0
78,5040.0,180.0,1800,Auto,1232.61,1081,osrm,4
79,2510.0,45.0,1800,Auto,6.38,10,osrm,33
80,9400.0,203.0,1800,Auto,1232.61,1081,osrm,0
81,3190.0,63.0,1800,Auto,1232.61,1081,osrm,0
82,3480.0,64.0,1800,Auto,1232.61,1081,osrm,0
83,2780.0,53.0,1800,Auto,1232.61,1081,osrm,0
84,2700.0,43.0,1800,Auto,5.94,9,osrm,34
85,3855.0,76.0,1800,Auto,1232.61,1081,osrm,0
87,6210.0,180.0,1800,Auto,1232.61,1081,osrm,0
88,2800.0,80.0,1800,Auto,1232.61,1081,osrm,0
89,4685.0,100.0,1800,Auto,1232.61,1081,osrm,0
90,2600.0,55.0,1800,Auto,3.86,7,osrm,37
91,6170.0,168.0,1800,Auto,1232.61,1081,osrm,0
92,4140.0,106.0,1800,Auto,1232.61,1081,osrm,0
93,3100.0,85.0,1800,Auto,6.42,12,osrm,55
94,3700.0,92.0,1800,Auto,1232.61,1081,osrm,0
95,7370.0,220.0,1800,Auto,12.64,17,osrm,16
97,9800.0,172.0,1800,Auto,1232.61,1081,osrm,0
98,2400.0,69.0,1800,Auto,1232.61,1081,osrm,0
99,3000.0,100.0,1800,Auto,4.32,8,osrm,54
100,4650.0,100.0,1800,Auto,6.29,11,osrm,57
101,8500.0,200.0,1800,Auto,1232.61,1081,osrm,0
103,5160.0,135.0,1800,Auto,1232.61,1081,osrm,1
104,5780.0,125.0,1800,Auto,5.69,8,osrm,51
105,3790.0,100.0,1800,Auto,1232.61,1081,osrm,0
106,2900.0,71.0,1800,Auto,3.54,7,osrm,46
107,6800.0,154.0,1800,Auto,1232.61,1081,osrm,0
108,4380.0,86.0,1800,Auto,1232.61,1081,osrm,0
109,2530.0,48.0,1800,Auto,3.98,8,osrm,45
110,2360.0,42.0,1800,Auto,6.01,9,osrm,39
112,2900.0,65.0,1800,Auto,1232.61,1081,osrm,0
113,2900.0,69.0,1800,Auto,6.19,11,osrm,51
114,2177.0,40.0,1800,Auto,6.55,10,osrm,47
115,9045.0,316.0,1800,Auto,1232.61,1081,osrm,4
116,2800.0,71.0,1800,Auto,2.35,5,osrm,58
117,3230.0,58.0,1800,Auto,6.86,11,osrm,34
118,7480.0,200.0,1800,Auto,1232.61,1081,osrm,0
122,2400.0,62.0,1800,Auto,9.37,14,osrm,46
123,3200.0,79.0,1800,Auto,6.15,12,osrm,61
124,7400.0,208.0,1800,Auto,3.16,6,osrm,57
125,1700.0,70.0,1800,Auto,7.72,11,osrm,100
126,2600.0,70.0,1800,Auto,5.9,11,osrm,53
127,3777.0,62.0,1800,Auto,2.72,6,osrm,58
128,2057.0,52.0,1800,Auto,3.21,6,osrm,43
129,3000.0,98.0,1800,Auto,5.99,11,osrm,48
130,2200.0,76.0,1800,Auto,5.75,11,osrm,45
131,900.0,54.0,1800,Auto,18.49,29,osrm,49
132,3100.0,64.0,1800,Auto,6.89,11,osrm,65
133,2200.0,55.0,1800,Auto,8.24,14,osrm,41
134,1800.0,61.0,1800,Auto,26.43,38,osrm,59
135,3100.0,67.0,1800,Auto,3.29,6,osrm,56
136,3100.0,63.0,1800,Auto,2.64,5,osrm,62
137,1300.0,31.0,1800,Auto,6.0,11,osrm,93
138,3000.0,114.0,1800,Auto,6.86,11,osrm,48
139,2350.0,60.0,1800,Auto,8.06,12,osrm,49
140,2750.0,46.0,1800,Auto,2.67,6,osrm,45
141,3550.0,124.0,1800,Auto,7.87,12,osrm,55
142,7480.0,300.0,1800,Auto,5.22,9,osrm,47
143,3850.0,60.0,1800,Auto,2.39,5,osrm,30
144,4000.0,100.0,1800,Auto,1232.61,1081,osrm,2
145,4450.0,150.0,1800,Auto,6.98,11,osrm,48
146,7000.0,265.0,1800,Auto,2.28,5,osrm,55
147,2400.0,82.0,1800,Auto,7.24,13,osrm,49
149,3850.0,45.0,1800,Auto,2.92,6,osrm,41
150,4500.0,60.0,1800,Auto,2.97,6,osrm,43
151,999.0,18.0,1800,Auto,6.79,11,osrm,90
152,1200.0,60.0,1800,Auto,17.65,24,osrm,54
153,2450.0,70.0,1800,Auto,8.24,14,osrm,46
154,1850.0,74.0,1800,Auto,7.92,14,osrm,51
155,1700.0,41.0,1800,Auto,7.83,13,osrm,82
156,2800.0,60.0,1800,Auto,2.12,4,osrm,43
157,2500.0,48.0,1800,Auto,3.28,6,osrm,33
158,2300.0,40.0,1800,Auto,3.33,7,osrm,48
159,3852.0,130.0,1800,Auto,7.09,11,osrm,58
160,2750.0,45.0,1800,Auto,2.16,5,osrm,47
161,2650.0,60.0,1800,Auto,2.61,6,osrm,43
162,3500.0,60.0,1800,Auto,2.44,5,osrm,36
163,4300.0,210.0,1800,Auto,6.94,11,osrm,62
164,3325.0,46.0,1800,Auto,2.71,6,osrm,38
165,4200.0,86.0,1800,Auto,2.63,5,osrm,54
166,9760.0,300.0,1800,Auto,3.53,7,osrm,62
167,5650.0,216.0,1800,Auto,2.5,5,osrm,60
168,6960.0,172.0,1800,Auto,5.1,8,osrm,65
171,3660.0,73.0,1800,Auto,3.04,6,osrm,57
172,2800.0,67.0,1800,Auto,2.61,5,osrm,61
173,2700.0,66.0,1800,Auto,7.55,11,osrm,54
174,2098.0,60.0,1800,Auto,7.87,13,osrm,46
175,6840.0,275.0,1800,Auto,6.5,10,osrm,62
176,3750.0,117.0,1800,Auto,1.97,4,osrm,55
177,2300.0,61.0,1800,Auto,5.93,11,osrm,61
178,2700.0,45.0,1800,Auto,2.4,5,osrm,39
180,2800.0,89.0,1800,Auto,7.9,11,osrm,64
181,3400.0,81.0,1800,Auto,2.42,5,osrm,47
183,6840.0,198.0,1800,Auto,2.21,4,osrm,61
184,8500.0,262.0,1800,Auto,6.08,9,osrm,47
185,2590.0,42.0,1800,Auto,2.14,4,osrm,48
186,2200.0,56.0,1800,Auto,8.37,14,osrm,40
188,3400.0,60.0,1800,Auto,2.03,4,osrm,30
190,2500.0,45.0,1800,Auto,2.61,5,osrm,31
192,6420.0,205.0,1800,Auto,6.63,10,osrm,53
193,3230.0,62.0,1800,Auto,2.28,5,osrm,49
195,5100.0,150.0,1800,Auto,2.71,5,osrm,62
196,3905.0,143.0,1800,Auto,15.47,23,osrm,19
197,2200.0,120.0,1800,Auto,7.38,12,osrm,63
199,2800.0,96.0,1800,Auto,1.81,4,osrm,63
200,2650.0,80.0,1800,Auto,1.83,4,osrm,45
201,4930.0,123.0,1800,Auto,1232.61,1081,osrm,3
202,2900.0,95.0,1800,Auto,2.8,6,osrm,45
203,2950.0,46.0,1800,Auto,2.85,6,osrm,39
204,4590.0,100.0,1800,Auto,4.1,8,osrm,64
205,2500.0,85.0,1800,Auto,6.98,11,osrm,59
207,3000.0,78.0,1800,Auto,1232.61,1081,osrm,0
208,4446.0,117.0,1800,Auto,3.09,6,osrm,53
209,5568.0,131.0,1800,Auto,2.6,5,osrm,51
210,5500.0,200.0,1800,Auto,23.36,30,osrm,15
211,3800.0,80.0,1800,Auto,13.33,17,osrm,15
212,3910.0,100.0,1800,Auto,6.79,11,osrm,50
213,4389.0,120.0,1800,Auto,1232.61,1081,osrm,2
214,3200.0,73.0,1800,Auto,7.07,11,osrm,53
215,2700.0,130.0,1800,Auto,3.3,5,osrm,62
216,3600.0,63.0,1800,Auto,2.74,5,osrm,58
218,3481.0,127.0,1800,Auto,5.28,9,osrm,59
219,4050.0,120.0,1800,Auto,3.16,6,osrm,61
220,2300.0,84.0,1800,Auto,4.73,8,osrm,62
221,6300.0,280.0,1800,Auto,2.22,4,osrm,50
222,8625.0,161.0,1800,Auto,2.88,6,osrm,61
223,4650.0,92.0,1800,Auto,7.01,11,osrm,46
224,4150.0,115.0,1800,Auto,7.1,11,osrm,54
225,8510.0,280.0,1800,Auto,7.64,13,osrm,49
227,6000.0,143.0,1800,Auto,1.88,4,osrm,49
228,3276.0,130.0,1800,Auto,6.66,11,osrm,63
230,9716.0,405.0,1800,Auto,6.35,11,osrm,61
231,3500.0,131.0,1800,Auto,5.92,10,osrm,46
232,3000.0,100.0,1800,Auto,7.19,11,osrm,58
233,2000.0,84.0,1800,Auto,8.49,14,osrm,50
234,1750.0,40.0,1800,Auto,12.09,16,osrm,45
235,2200.0,42.0,1800,Auto,6.75,11,osrm,45
236,1800.0,48.0,1800,Auto,9.39,15,osrm,75
237,3100.0,120.0,1800,Auto,1232.61,1081,osrm,0
238,8500.0,180.0,1800,Auto,1232.61,1081,osrm,1
239,3502.0,81.0,1800,Auto,1.88,4,osrm,57
241,3000.0,60.0,1800,Auto,1232.61,1081,osrm,0
242,4342.0,110.0,1800,Auto,1232.61,1081,osrm,0
244,4500.0,2500.0,1800,Auto,12.32,18,osrm,11
245,1250.0,38.0,1800,Auto,5.25,9,osrm,76
246,3430.0,60.0,1800,Auto,1232.61,1081,osrm,0
248,2200.0,70.0,1800,Auto,8.35,14,osrm,47
249,1500.0,153.0,1800,Auto,22.82,32,osrm,58
250,4500.0,2000.0,1800,Auto,11.55,16,osrm,15
251,5900.0,5000.0,1800,Auto,11.47,17,osrm,21
252,3900.0,1012.0,1800,Auto,26.33,35,osrm,22
253,3000.0,1012.0,1800,Auto,11.47,17,osrm,17
254,2200.0,1012.0,1800,Auto,3.23,6,osrm,60
255,6300.0,5000.0,1800,Auto,15.6,22,osrm,21
256,2900.0,3000.0,1800,Auto,26.58,41,osrm,9
257,1500.0,65.0,1800,Auto,9.42,14,osrm,95
258,1800.0,72.0,1800,Auto,9.68,15,osrm,94
259,2300.0,60.0,1800,Auto,8.22,14,osrm,30
260,2600.0,61.0,1800,Auto,1232.61,1081,osrm,3
261,5250.0,110.0,1800,Auto,7.06,11,osrm,60
262,1980.0,41.0,1800,Auto,6.04,9,osrm,49
263,3200.0,105.0,1800,Auto,3.95,8,osrm,63
264,4100.0,120.0,1800,Auto,1232.61,1081,osrm,2
265,4718.0,120.0,1800,Auto,1232.61,1081,osrm,5
266,4250.0,73.0,1800,Auto,1232.61,1081,osrm,0
267,2950.0,64.0,1800,Auto,6.42,12,osrm,50
268,3000.0,75.0,1800,Auto,3.24,6,osrm,46
269,3450.0,80.0,1800,Auto,1232.61,1081,osrm,3
270,2500.0,43.0,1800,Auto,5.67,10,osrm,46
271,2800.0,60.0,1800,Auto,6.58,12,osrm,48
272,4800.0,145.0,1800,Auto,1232.61,1081,osrm,0
273,3450.0,91.0,1800,Auto,1232.61,1081,osrm,0
274,2800.0,89.0,1800,Auto,6.71,11,osrm,64
275,2300.0,72.0,1800,Auto,1232.61,1081,osrm,0
276,2500.0,75.0,1800,Auto,3.71,7,osrm,52
277,1750.0,90.0,1800,Auto,2.7,5,osrm,92
278,3260.0,64.0,1800,Auto,1232.61,1081,osrm,0
279,4040.0,104.0,1800,Auto,1232.61,1081,osrm,3
280,4875.0,115.0,1800,Auto,1232.61,1081,osrm,0
281,4100.0,95.0,1800,Auto,1232.61,1081,osrm,0
282,3000.0,120.0,1800,Auto,14.22,24,osrm,18
283,3259.0,87.0,1800,Auto,1232.61,1081,osrm,0
284,2932.0,70.0,1800,Auto,6.54,12,osrm,52
285,1800.0,75.0,1800,Auto,5.9,9,osrm,100
286,1350.0,55.0,1800,Auto,11.97,19,osrm,54
287,2700.0,70.0,1800,Auto,1232.61,1081,osrm,5
288,4381.0,130.0,1800,Auto,6.45,12,osrm,61
289,3880.0,120.0,1800,Auto,5.03,8,osrm,63
290,2970.0,55.0,1800,Auto,1232.61,1081,osrm,0
291,4300.0,90.0,1800,Auto,1232.61,1081,osrm,1
292,2150.0,0.0,1800,Auto,3.27,6,osrm,43
293,4100.0,130.0,1800,Auto,1232.61,1081,osrm,0
294,2990.0,75.0,1800,Auto,3.85,7,osrm,57
295,2100.0,90.0,1800,Auto,9.12,14,osrm,58
296,2500.0,90.0,1800,Auto,3.49,7,osrm,49
297,7610.0,147.0,1800,Auto,1232.61,1081,osrm,0
298,2300.0,47.0,1800,Auto,3.8,7,osrm,48
299,3500.0,86.0,1800,Auto,3.48,7,osrm,65
300,2659.0,52.0,1800,Auto,1232.61,1081,osrm,0
301,2300.0,70.0,1800,Auto,2.66,5,osrm,62
302,3538.0,70.0,1800,Auto,1232.61,1081,osrm,4
303,4300.0,62.0,1800,Auto,1232.61,1081,osrm,0
304,2639.0,52.0,1800,Auto,1232.61,1081,osrm,0
305,3240.0,61.0,1800,Auto,1232.61,1081,osrm,0
306,2350.0,46.0,1800,Auto,6.28,11,osrm,49
307,4450.0,130.0,1800,Auto,1232.61,1081,osrm,0
308,5527.0,200.0,1800,Auto,1232.61,1081,osrm,0
309,2500.0,51.0,1800,Auto,5.66,8,osrm,46
310,4200.0,77.0,1800,Auto,1232.61,1081,osrm,0
311,2000.0,60.0,1800,Auto,2.33,5,osrm,35
312,4800.0,120.0,1800,Auto,6.1,9,osrm,62
313,2300.0,60.0,1800,Auto,6.95,11,osrm,38
314,3690.0,80.0,1800,Auto,1232.61,1081,osrm,0
315,2271.0,42.0,1800,Auto,6.43,9,osrm,38
316,2900.0,70.0,1800,Auto,1232.61,1081,osrm,0
317,2999.0,75.0,1800,Auto,3.06,6,osrm,59
318,1850.0,45.0,1800,Auto,5.76,8,osrm,45
319,3400.0,75.0,1800,Auto,3.65,7,osrm,63
320,2400.0,64.0,1800,Auto,5.55,10,osrm,54
321,2000.0,60.0,1800,Auto,5.68,9,osrm,37
322,3500.0,88.0,1800,Auto,1232.61,1081,osrm,0
323,3500.0,88.0,1800,Auto,6.71,11,osrm,57
324,2300.0,52.0,1800,Auto,3.34,7,osrm,34
325,4250.0,100.0,1800,Auto,1232.61,1081,osrm,0
326,3700.0,76.0,1800,Auto,1232.61,1081,osrm,0
327,2450.0,70.0,1800,Auto,8.54,12,osrm,62
328,4650.0,100.0,1800,Auto,1232.61,1081,osrm,0
329,2400.0,47.0,1800,Auto,6.31,11,osrm,42
330,2400.0,50.0,1800,Auto,6.2,11,osrm,38
332,2200.0,43.0,1800,Auto,6.51,10,osrm,41
333,3150.0,98.0,1800,Auto,1232.61,1081,osrm,0
334,3258.0,100.0,1800,Auto,1232.61,1081,osrm,0
335,3500.0,97.0,1800,Auto,1232.61,1081,osrm,0
336,6174.0,140.0,1800,Auto,1232.61,1081,osrm,2
337,2776.0,41.0,1800,Auto,1232.61,1081,osrm,0
338,4300.0,128.0,1800,Auto,1232.61,1081,osrm,0
339,1500.0,120.0,1800,Auto,18.83,26,osrm,56
340,2770.0,55.0,1800,Auto,1232.61,1081,osrm,0
341,2550.0,40.0,1800,Auto,6.17,11,osrm,41
342,2890.0,60.0,1800,Auto,1232.61,1081,osrm,0
343,3500.0,84.0,1800,Auto,1232.61,1081,osrm,0
344,2420.0,60.0,1800,Auto,1232.61,1081,osrm,0
345,3700.0,80.0,1800,Auto,2.82,5,osrm,64
346,5175.0,120.0,1800,Auto,1232.61,1081,osrm,4
347,1700.0,60.0,1800,Auto,3.84,7,osrm,88
348,1700.0,60.0,1800,Auto,3.68,7,osrm,90
349,8000.0,305.0,1800,Auto,1232.61,1081,osrm,0
350,3500.0,74.0,1800,Auto,5.94,11,osrm,63
351,2300.0,70.0,1800,Auto,6.22,11,osrm,46
353,2300.0,60.0,1800,Auto,5.97,9,osrm,40
354,2500.0,78.0,1800,Auto,1232.61,1081,osrm,0
355,5190.0,140.0,1800,Auto,6.1,8,osrm,56
356,2933.0,110.0,1800,Auto,1232.61,1081,osrm,0
357,3400.0,90.0,1800,Auto,5.99,11,osrm,63
358,2500.0,49.0,1800,Auto,4.21,8,osrm,49
359,2750.0,61.0,1800,Auto,6.19,11,osrm,51
360,5160.0,102.0,1800,Auto,1232.61,1081,osrm,1
361,2900.0,52.0,1800,Auto,1232.61,1081,osrm,0
362,2250.0,65.0,1800,Auto,1232.61,1081,osrm,0
364,2900.0,60.0,1800,Auto,1232.61,1081,osrm,0
365,3100.0,65.0,1800,Auto,7.3,11,osrm,52
366,2400.0,55.0,1800,Auto,1.74,4,osrm,36
367,3800.0,64.0,1800,Auto,6.15,8,osrm,59
368,4140.0,86.0,1800,Auto,1232.61,1081,osrm,0
369,2800.0,61.0,1800,Auto,5.8,9,osrm,55
370,3500.0,81.0,1800,Auto,1232.61,1081,osrm,0
371,2000.0,78.0,1800,Auto,8.82,13,osrm,49
372,4020.0,103.0,1800,Auto,1232.61,1081,osrm,0
373,6120.0,135.0,1800,Auto,1232.61,1081,osrm,2
375,3315.0,70.0,1800,Auto,6.88,12,osrm,58
376,2200.0,48.0,1800,Auto,6.91,11,osrm,32
377,2600.0,60.0,1800,Auto,5.96,9,osrm,35
378,3600.0,87.0,1800,Auto,1232.61,1081,osrm,0
379,2700.0,70.0,1800,Auto,1232.61,1081,osrm,0
380,7550.0,200.0,1800,Auto,1232.61,1081,osrm,0
381,3500.0,138.0,1800,Auto,1232.61,1081,osrm,2
382,8395.0,200.0,1800,Auto,1232.61,1081,osrm,0
383,2970.0,73.0,1800,Auto,3.39,6,osrm,60
384,3000.0,92.0,1800,Auto,6.19,11,osrm,64
385,2620.0,80.0,1800,Auto,6.11,11,osrm,53
387,2250.0,42.0,1800,Auto,6.64,11,osrm,43
388,2898.0,70.0,1800,Auto,13.39,18,osrm,16
389,9000.0,130.0,1800,Auto,1232.61,1081,osrm,0
390,2300.0,93.0,1800,Auto,2.15,5,osrm,63
391,2500.0,79.0,1800,Auto,7.96,12,osrm,59
392,9436.0,233.0,1800,Auto,6.38,12,osrm,55
394,2400.0,52.0,1800,Auto,1232.61,1081,osrm,0
397,2900.0,55.0,1800,Auto,1232.61,1081,osrm,0
398,4020.0,131.0,1800,Auto,6.13,10,osrm,55
400,3000.0,75.0,1800,Auto,1232.61,1081,osrm,0
401,2900.0,80.0,1800,Auto,1232.61,1081,osrm,0
402,6800.0,182.0,1800,Auto,1232.61,1081,osrm,0
403,8027.0,207.0,1800,Auto,6.04,10,osrm,50
405,4500.0,2500.0,1800,Auto,26.06,37,osrm,18
406,3050.0,52.0,1800,Auto,1232.61,1081,osrm,0
407,2600.0,48.0,1800,Auto,1232.61,1081,osrm,0
408,3385.0,65.0,1800,Auto,1232.61,1081,osrm,3
409,2995.0,75.0,1800,Auto,1232.61,1081,osrm,0
410,7875.0,160.0,1800,Auto,7.2,11,osrm,48
411,2600.0,90.0,1800,Auto,6.5,12,osrm,57
412,3780.0,60.0,1800,Auto,2.61,5,osrm,43
414,1790.0,74.0,1800,Auto,6.98,11,osrm,97
415,5075.0,154.0,1800,Auto,2.11,4,osrm,49
416,6120.0,100.0,1800,Auto,3.0,6,osrm,60
417,2950.0,85.0,1800,Auto,6.17,11,osrm,59
418,3200.0,121.0,1800,Auto,2.58,5,osrm,50
419,7200.0,388.0,1800,Auto,2.65,5,osrm,64
420,3360.0,50.0,1800,Auto,2.53,5,osrm,42
421,3500.0,160.0,1800,Auto,1232.61,1081,osrm,0
422,3400.0,80.0,1800,Auto,5.29,10,osrm,53
423,2700.0,63.0,1800,Auto,5.57,10,osrm,53
424,1700.0,70.0,1800,Auto,8.49,13,osrm,97
425,3500.0,97.0,1800,Auto,2.22,5,osrm,54
426,3450.0,144.0,1800,Auto,12.91,16,osrm,10
427,1850.0,41.0,1800,Auto,3.81,7,osrm,32
428,4231.0,62.0,1800,Auto,2.03,4,osrm,56
429,2600.0,45.0,1800,Auto,2.79,6,osrm,30
430,2950.0,140.0,1800,Auto,8.45,14,osrm,57
431,2500.0,89.0,1800,Auto,8.36,14,osrm,57
432,2600.0,118.0,1800,Auto,6.71,11,osrm,48
433,2500.0,102.0,1800,Auto,6.22,10,osrm,59
434,5250.0,63.0,1800,Auto,2.6,5,osrm,54
435,2200.0,46.0,1800,Auto,2.49,5,osrm,39
436,3000.0,84.0,1800,Auto,7.42,10,osrm,64
437,3750.0,100.0,1800,Auto,4.92,8,osrm,53
438,3350.0,135.0,1800,Auto,7.79,13,osrm,64
439,7980.0,151.0,1800,Auto,3.12,6,osrm,56
440,3150.0,93.0,1800,Auto,6.55,12,osrm,59
442,2500.0,110.0,1800,Auto,7.68,13,osrm,53
443,2933.0,63.0,1800,Auto,3.1,6,osrm,49
444,1600.0,68.0,1800,Auto,8.78,13,osrm,88
445,2100.0,65.0,1800,Auto,8.65,13,osrm,47
446,2700.0,45.0,1800,Auto,2.92,6,osrm,44
447,2750.0,80.0,1800,Auto,13.16,16,osrm,10
448,2700.0,43.0,1800,Auto,2.39,5,osrm,37
449,2850.0,58.0,1800,Auto,6.08,11,osrm,46
450,2850.0,58.0,1800,Auto,2.36,5,osrm,35
451,8675.0,440.0,1800,Auto,6.43,10,osrm,62
452,4200.0,147.0,1800,Auto,13.75,19,osrm,8
453,2500.0,47.0,1800,Auto,2.26,4,osrm,40
454,2058.0,45.0,1800,Auto,8.62,11,osrm,35
456,1000.0,40.0,1800,Auto,8.61,14,osrm,97
457,2700.0,63.0,1800,Auto,3.19,5,osrm,61
458,5200.0,120.0,1800,Auto,5.36,9,osrm,47
459,2250.0,40.0,1800,Auto,5.58,10,osrm,32
460,1600.0,78.0,1800,Auto,7.17,11,osrm,100
461,2600.0,104.0,1800,Auto,6.64,11,osrm,51
462,4032.0,60.0,1800,Auto,2.5,5,osrm,33
463,2500.0,59.0,1800,Auto,5.92,11,osrm,45
464,3700.0,62.0,1800,Auto,2.53,5,osrm,63
465,3987.0,66.0,1800,Auto,2.84,6,osrm,63
466,1500.0,60.0,1800,Auto,8.44,14,osrm,76
467,1800.0,61.0,1800,Auto,8.49,14,osrm,100
468,3100.0,80.0,1800,Auto,6.02,11,osrm,58
469,3300.0,66.0,1800,Auto,6.17,12,osrm,60
470,2600.0,80.0,1800,Auto,6.71,11,osrm,54
471,2300.0,77.0,1800,Auto,7.28,13,osrm,45
473,2100.0,56.0,1800,Auto,3.71,7,osrm,46
474,3000.0,100.0,1800,Auto,7.18,13,osrm,50
475,2700.0,70.0,1800,Auto,5.78,9,osrm,57
476,2400.0,42.0,1800,Auto,5.75,10,osrm,35
477,2700.0,49.0,1800,Auto,2.38,5,osrm,35
478,8050.0,216.0,1800,Auto,2.83,5,osrm,60
479,1900.0,43.0,1800,Auto,2.04,4,osrm,40
480,4200.0,147.0,1800,Auto,13.37,18,osrm,12
481,1900.0,43.0,1800,Auto,3.45,6,osrm,31
482,4200.0,147.0,1800,Auto,14.23,24,osrm,13
483,4000.0,45.0,1800,Auto,2.38,5,osrm,31
487,2000.0,47.0,1800,Auto,7.65,14,osrm,30
488,1850.0,44.0,1800,Auto,7.13,12,osrm,47
489,9254.0,170.0,1800,Auto,2.28,4,osrm,49
490,3000.0,69.0,1800,Auto,9.08,15,osrm,48
491,3500.0,73.0,1800,Auto,3.32,6,osrm,50
492,1900.0,45.0,1800,Auto,8.04,14,osrm,42
493,2100.0,57.0,1800,Auto,7.37,14,osrm,41
494,2300.0,45.0,1800,Auto,2.06,4,osrm,47
495,7590.0,217.0,1800,Auto,1232.61,1081,osrm,3
497,3150.0,84.0,1800,Auto,1232.61,1081,osrm,4
498,6400.0,177.0,1800,Auto,2.15,5,osrm,55
499,3000.0,108.0,1800,Auto,6.31,11,osrm,49
504,4100.0,142.0,1800,Auto,7.25,12,osrm,57
506,2400.0,50.0,1800,Auto,2.96,6,osrm,41
507,1700.0,40.0,1800,Auto,7.2,13,osrm,71
508,1600.0,50.0,1800,Auto,4.86,7,osrm,74
509,3700.0,120.0,1800,Auto,2.7,6,osrm,54
3,2750.0,60.0,4200,Auto,2.3,4,osrm,82
4,9000.0,1200.0,4200,Auto,8.84,13,osrm,51
5,4590.0,140.0,4200,Auto,6.65,10,osrm,60
6,2500.0,70.0,4200,Auto,7.03,11,osrm,100
7,1200.0,73.0,4200,Auto,15.0,18,osrm,60
8,3365.0,108.0,4200,Auto,16.93,23,osrm,59
9,1450.0,73.0,4200,Auto,7.1,11,osrm,100
10,3048.0,68.0,4200,Auto,1233.59,1081,osrm,34
11,3600.0,93.0,4200,Auto,1233.59,1081,osrm,37
12,5760.0,110.0,4200,Auto,1233.59,1081,osrm,0
13,2140.0,60.0,4200,Auto,6.36,10,osrm,96
14,2950.0,95.0,4200,Auto,1233.59,1081,osrm,46
15,2700.0,40.0,4200,Auto,1233.59,1081,osrm,33
16,2600.0,40.0,4200,Auto,6.98,8,osrm,84
17,2450.0,56.0,4200,Auto,2.91,5,osrm,94
18,4500.0,140.0,4200,Auto,1233.59,1081,osrm,3
20,8500.0,325.0,4200,Auto,2.64,4,osrm,54
22,3800.0,80.0,4200,Auto,2.66,5,osrm,88
23,2900.0,74.0,4200,Auto,1233.59,1081,osrm,40
24,3500.0,220.0,4200,Auto,30.36,39,osrm,64
25,2600.0,42.0,4200,Auto,7.16,9,osrm,82
26,3205.0,72.0,4200,Auto,1233.59,1081,osrm,32
27,4400.0,100.0,4200,Auto,1233.59,1081,osrm,0
28,2710.0,70.0,4200,Auto,6.63,9,osrm,100
29,2100.0,70.0,4200,Auto,9.82,14,osrm,100
30,8500.0,251.0,4200,Auto,9.21,13,osrm,51
31,6210.0,290.0,4200,Auto,11.42,16,osrm,10
32,2200.0,55.0,4200,Auto,1233.59,1081,osrm,36
33,2527.0,81.0,4200,Auto,1233.59,1081,osrm,48
34,5100.0,121.0,4200,Auto,1233.59,1081,osrm,0
35,3060.0,80.0,4200,Auto,1233.59,1081,osrm,48
36,4100.0,84.0,4200,Auto,1233.59,1081,osrm,29
37,3300.0,98.0,4200,Auto,1233.59,1081,osrm,47
38,2700.0,69.0,4200,Auto,2.31,4,osrm,93
39,2700.0,85.0,4200,Auto,2.74,5,osrm,100
40,2584.0,52.0,4200,Auto,6.85,11,osrm,86
41,8930.0,130.0,4200,Auto,1233.59,1081,osrm,0
42,3709.0,107.0,4200,Auto,1233.59,1081,osrm,39
44,3777.0,62.0,4200,Auto,6.09,10,osrm,100
46,2600.0,52.0,4200,Auto,2.23,4,osrm,88
47,4400.0,84.0,4200,Auto,1233.59,1081,osrm,0
48,6900.0,130.0,4200,Auto,1233.59,1081,osrm,0
49,2333.0,55.0,4200,Auto,7.46,9,osrm,97
50,4500.0,74.0,4200,Auto,1233.59,1081,osrm,1
51,5500.0,160.0,4200,Auto,1233.59,1081,osrm,0
52,1600.0,84.0,4200,Auto,15.95,21,osrm,65
53,3500.0,92.0,4200,Auto,1233.59,1081,osrm,34
54,4836.0,94.0,4200,Auto,6.68,8,osrm,60
56,3380.0,69.0,4200,Auto,1233.59,1081,osrm,33
58,8700.0,333.0,4200,Auto,1233.59,1081,osrm,0
59,3700.0,118.0,4200,Auto,1233.59,1081,osrm,32
60,3280.0,78.0,4200,Auto,1233.59,1081,osrm,43
61,2760.0,58.0,4200,Auto,1233.59,1081,osrm,25
62,4400.0,190.0,4200,Auto,1233.59,1081,osrm,0
63,4300.0,93.0,4200,Auto,1233.59,1081,osrm,0
64,3000.0,78.0,4200,Auto,1233.59,1081,osrm,46
65,2700.0,75.0,4200,Auto,1.9,4,osrm,97
66,4617.0,146.0,4200,Auto,6.39,9,osrm,53
67,3000.0,79.0,4200,Auto,5.91,10,osrm,96
68,2300.0,59.0,4200,Auto,2.56,5,osrm,99
69,2243.0,75.0,4200,Auto,1233.59,1081,osrm,43
70,3990.0,68.0,4200,Auto,1233.59,1081,osrm,27
71,3800.0,69.0,4200,Auto,1233.59,1081,osrm,30
72,2200.0,69.0,4200,Auto,2.89,5,osrm,100
73,3200.0,84.0,4200,Auto,1233.59,1081,osrm,42
75,3350.0,70.0,4200,Auto,1233.59,1081,osrm,37
77,5175.0,135.0,4200,Auto,1233.59,1081,osrm,2
78,5040.0,180.0,4200,Auto,1233.59,1081,osrm,0
79,2510.0,45.0,4200,Auto,7.36,11,osrm,87
80,9400.0,203.0,4200,Auto,1233.59,1081,osrm,0
81,3190.0,63.0,4200,Auto,1233.59,1081,osrm,36
82,3480.0,64.0,4200,Auto,1233.59,1081,osrm,35
83,2780.0,53.0,4200,Auto,1233.59,1081,osrm,26
84,2700.0,43.0,4200,Auto,6.92,10,osrm,80
85,3855.0,76.0,4200,Auto,1233.59,1081,osrm,36
87,6210.0,180.0,4200,Auto,1233.59,1081,osrm,4
88,2800.0,80.0,4200,Auto,1233.59,1081,osrm,44
89,4685.0,100.0,4200,Auto,1233.59,1081,osrm,0
90,2600.0,55.0,4200,Auto,2.64,5,osrm,93
91,6170.0,168.0,4200,Auto,1233.59,1081,osrm,0
92,4140.0,106.0,4200,Auto,1233.59,1081,osrm,34
93,3100.0,85.0,4200,Auto,6.24,11,osrm,97
94,3700.0,92.0,4200,Auto,1233.59,1081,osrm,29
95,7370.0,220.0,4200,Auto,10.46,13,osrm,49
97,9800.0,172.0,4200,Auto,1233.59,1081,osrm,0
98,2400.0,69.0,4200,Auto,1233.59,1081,osrm,41
99,3000.0,100.0,4200,Auto,3.33,6,osrm,98
100,4650.0,100.0,4200,Auto,7.27,12,osrm,45
101,8500.0,200.0,4200,Auto,1233.59,1081,osrm,3
103,5160.0,135.0,4200,Auto,1233.59,1081,osrm,0
104,5780.0,125.0,4200,Auto,6.67,8,osrm,57
105,3790.0,100.0,4200,Auto,1233.59,1081,osrm,41
106,2900.0,71.0,4200,Auto,1.72,3,osrm,100
107,6800.0,154.0,4200,Auto,1233.59,1081,osrm,0
108,4380.0,86.0,4200,Auto,1233.59,1081,osrm,0
109,2530.0,48.0,4200,Auto,2.81,5,osrm,96
110,2360.0,42.0,4200,Auto,6.99,10,osrm,90
112,2900.0,65.0,4200,Auto,1233.59,1081,osrm,32
113,2900.0,69.0,4200,Auto,6.01,10,osrm,97
114,2177.0,40.0,4200,Auto,7.53,11,osrm,87
115,9045.0,316.0,4200,Auto,1233.59,1081,osrm,0
116,2800.0,71.0,4200,Auto,2.1,4,osrm,94
117,3230.0,58.0,4200,Auto,7.84,12,osrm,85
118,7480.0,200.0,4200,Auto,1233.59,1081,osrm,0
122,2400.0,62.0,4200,Auto,7.36,11,osrm,100
123,3200.0,79.0,4200,Auto,6.26,9,osrm,95
124,7400.0,208.0,4200,Auto,3.28,6,osrm,56
125,1700.0,70.0,4200,Auto,5.71,8,osrm,99
126,2600.0,70.0,4200,Auto,4.87,9,osrm,98
127,3777.0,62.0,4200,Auto,2.86,5,osrm,100
128,2057.0,52.0,4200,Auto,3.08,5,osrm,93
129,3000.0,98.0,4200,Auto,6.09,9,osrm,100
130,2200.0,76.0,4200,Auto,6.0,9,osrm,100
131,900.0,54.0,4200,Auto,16.48,27,osrm,47
132,3100.0,64.0,4200,Auto,6.7,10,osrm,99
133,2200.0,55.0,4200,Auto,7.92,13,osrm,85
134,1800.0,61.0,4200,Auto,24.42,35,osrm,73
135,3100.0,67.0,4200,Auto,2.73,5,osrm,95
136,3100.0,63.0,4200,Auto,2.75,5,osrm,92
137,1300.0,31.0,4200,Auto,4.96,9,osrm,91
138,3000.0,114.0,4200,Auto,6.66,11,osrm,96
139,2350.0,60.0,4200,Auto,6.05,9,osrm,91
140,2750.0,46.0,4200,Auto,2.6,5,osrm,77
141,3550.0,124.0,4200,Auto,7.67,12,osrm,90
142,7480.0,300.0,4200,Auto,4.63,7,osrm,51
143,3850.0,60.0,4200,Auto,3.24,5,osrm,81
144,4000.0,100.0,4200,Auto,1233.59,1081,osrm,43
145,4450.0,150.0,4200,Auto,6.79,10,osrm,51
146,7000.0,265.0,4200,Auto,2.26,5,osrm,56
147,2400.0,82.0,4200,Auto,6.91,12,osrm,100
149,3850.0,45.0,4200,Auto,2.35,4,osrm,80
150,4500.0,60.0,4200,Auto,3.02,6,osrm,33
151,999.0,18.0,4200,Auto,6.6,10,osrm,96
152,1200.0,60.0,4200,Auto,15.64,21,osrm,46
153,2450.0,70.0,4200,Auto,7.92,13,osrm,100
154,1850.0,74.0,4200,Auto,7.59,13,osrm,100
155,1700.0,41.0,4200,Auto,7.51,12,osrm,100
156,2800.0,60.0,4200,Auto,2.55,4,osrm,88
157,2500.0,48.0,4200,Auto,2.71,5,osrm,83
158,2300.0,40.0,4200,Auto,2.99,5,osrm,97
159,3852.0,130.0,4200,Auto,6.9,11,osrm,100
160,2750.0,45.0,4200,Auto,2.59,5,osrm,94
161,2650.0,60.0,4200,Auto,2.47,5,osrm,82
162,3500.0,60.0,4200,Auto,2.1,4,osrm,83
163,4300.0,210.0,4200,Auto,6.75,10,osrm,57
164,3325.0,46.0,4200,Auto,2.63,5,osrm,86
165,4200.0,86.0,4200,Auto,3.06,5,osrm,96
166,9760.0,300.0,4200,Auto,2.96,5,osrm,49
167,5650.0,216.0,4200,Auto,2.15,4,osrm,57
168,6960.0,172.0,4200,Auto,3.92,6,osrm,50
171,3660.0,73.0,4200,Auto,2.96,5,osrm,100
172,2800.0,67.0,4200,Auto,2.51,5,osrm,99
173,2700.0,66.0,4200,Auto,5.54,8,osrm,100
174,2098.0,60.0,4200,Auto,7.54,12,osrm,85
175,6840.0,275.0,4200,Auto,6.3,9,osrm,54
176,3750.0,117.0,4200,Auto,2.4,4,osrm,93
177,2300.0,61.0,4200,Auto,6.04,9,osrm,100
178,2700.0,45.0,4200,Auto,3.25,5,osrm,87
180,2800.0,89.0,4200,Auto,5.89,9,osrm,100
181,3400.0,81.0,4200,Auto,2.85,5,osrm,97
183,6840.0,198.0,4200,Auto,3.06,5,osrm,58
184,8500.0,262.0,4200,Auto,5.88,9,osrm,62
185,2590.0,42.0,4200,Auto,2.57,4,osrm,90
186,2200.0,56.0,4200,Auto,8.12,12,osrm,82
188,3400.0,60.0,4200,Auto,2.09,4,osrm,83
190,2500.0,45.0,4200,Auto,2.27,4,osrm,84
192,6420.0,205.0,4200,Auto,6.43,10,osrm,56
193,3230.0,62.0,4200,Auto,2.31,5,osrm,100
195,5100.0,150.0,4200,Auto,2.14,4,osrm,51
196,3905.0,143.0,4200,Auto,13.46,21,osrm,63
197,2200.0,120.0,4200,Auto,7.18,11,osrm,100
199,2800.0,96.0,4200,Auto,2.79,5,osrm,100
200,2650.0,80.0,4200,Auto,2.34,4,osrm,100
201,4930.0,123.0,4200,Auto,1233.59,1081,osrm,0
202,2900.0,95.0,4200,Auto,2.46,5,osrm,93
203,2950.0,46.0,4200,Auto,2.82,5,osrm,80
204,4590.0,100.0,4200,Auto,2.29,4,osrm,54
205,2500.0,85.0,4200,Auto,6.78,10,osrm,100
207,3000.0,78.0,4200,Auto,1233.59,1081,osrm,48
208,4446.0,117.0,4200,Auto,2.52,4,osrm,61
209,5568.0,131.0,4200,Auto,2.42,5,osrm,65
210,5500.0,200.0,4200,Auto,21.35,27,osrm,17
211,3800.0,80.0,4200,Auto,14.79,19,osrm,64
212,3910.0,100.0,4200,Auto,6.59,10,osrm,100
213,4389.0,120.0,4200,Auto,1233.59,1081,osrm,0
214,3200.0,73.0,4200,Auto,4.83,7,osrm,92
215,2700.0,130.0,4200,Auto,2.21,4,osrm,100
216,3600.0,63.0,4200,Auto,2.4,5,osrm,94
218,3481.0,127.0,4200,Auto,4.38,7,osrm,100
219,4050.0,120.0,4200,Auto,3.13,5,osrm,100
220,2300.0,84.0,4200,Auto,4.18,6,osrm,97
221,6300.0,280.0,4200,Auto,2.65,4,osrm,58
222,8625.0,161.0,4200,Auto,2.86,5,osrm,60
223,4650.0,92.0,4200,Auto,6.82,10,osrm,63
224,4150.0,115.0,4200,Auto,6.9,11,osrm,87
225,8510.0,280.0,4200,Auto,7.45,12,osrm,55
227,6000.0,143.0,4200,Auto,2.31,4,osrm,57
228,3276.0,130.0,4200,Auto,6.46,10,osrm,100
230,9716.0,405.0,4200,Auto,6.15,10,osrm,48
231,3500.0,131.0,4200,Auto,4.34,7,osrm,93
232,3000.0,100.0,4200,Auto,6.98,11,osrm,100
233,2000.0,84.0,4200,Auto,8.16,13,osrm,100
234,1750.0,40.0,4200,Auto,9.91,13,osrm,89
235,2200.0,42.0,4200,Auto,7.73,11,osrm,95
236,1800.0,48.0,4200,Auto,7.38,12,osrm,97
237,3100.0,120.0,4200,Auto,1233.59,1081,osrm,32
238,8500.0,180.0,4200,Auto,1233.59,1081,osrm,0
239,3502.0,81.0,4200,Auto,2.32,4,osrm,96
241,3000.0,60.0,4200,Auto,1233.59,1081,osrm,17
242,4342.0,110.0,4200,Auto,1233.59,1081,osrm,0
244,4500.0,2500.0,4200,Auto,12.12,17,osrm,5
245,1250.0,38.0,4200,Auto,4.53,7,osrm,95
246,3430.0,60.0,4200,Auto,1233.59,1081,osrm,30
248,2200.0,70.0,4200,Auto,8.02,13,osrm,97
249,1500.0,153.0,4200,Auto,21.23,31,osrm,70
250,4500.0,2000.0,4200,Auto,9.38,12,osrm,56
251,5900.0,5000.0,4200,Auto,12.93,19,osrm,13
252,3900.0,1012.0,4200,Auto,24.74,34,osrm,63
253,3000.0,1012.0,4200,Auto,12.93,19,osrm,69
254,2200.0,1012.0,4200,Auto,2.29,4,osrm,100
255,6300.0,5000.0,4200,Auto,13.59,19,osrm,9
256,2900.0,3000.0,4200,Auto,24.57,39,osrm,54
257,1500.0,65.0,4200,Auto,7.41,12,osrm,100
258,1800.0,72.0,4200,Auto,7.67,13,osrm,100
259,2300.0,60.0,4200,Auto,7.9,13,osrm,81
260,2600.0,61.0,4200,Auto,1233.59,1081,osrm,52
261,5250.0,110.0,4200,Auto,8.04,12,osrm,59
262,1980.0,41.0,4200,Auto,7.02,10,osrm,89
263,3200.0,105.0,4200,Auto,2.95,6,osrm,100
264,4100.0,120.0,4200,Auto,1233.59,1081,osrm,38
265,4718.0,120.0,4200,Auto,1233.59,1081,osrm,0
266,4250.0,73.0,4200,Auto,1233.59,1081,osrm,0
267,2950.0,64.0,4200,Auto,7.4,12,osrm,98
268,3000.0,75.0,4200,Auto,2.06,4,osrm,100
269,3450.0,80.0,4200,Auto,1233.59,1081,osrm,36
270,2500.0,43.0,4200,Auto,6.65,10,osrm,96
271,2800.0,60.0,4200,Auto,6.26,11,osrm,95
272,4800.0,145.0,4200,Auto,1233.59,1081,osrm,4
273,3450.0,91.0,4200,Auto,1233.59,1081,osrm,42
274,2800.0,89.0,4200,Auto,7.69,11,osrm,95
275,2300.0,72.0,4200,Auto,1233.59,1081,osrm,48
276,2500.0,75.0,4200,Auto,2.71,5,osrm,100
277,1750.0,90.0,4200,Auto,2.5,4,osrm,100
278,3260.0,64.0,4200,Auto,1233.59,1081,osrm,47
279,4040.0,104.0,4200,Auto,1233.59,1081,osrm,26
280,4875.0,115.0,4200,Auto,1233.59,1081,osrm,0
281,4100.0,95.0,4200,Auto,1233.59,1081,osrm,28
282,3000.0,120.0,4200,Auto,12.04,20,osrm,59
283,3259.0,87.0,4200,Auto,1233.59,1081,osrm,36
284,2932.0,70.0,4200,Auto,6.36,11,osrm,100
285,1800.0,75.0,4200,Auto,3.89,6,osrm,98
286,1350.0,55.0,4200,Auto,11.65,18,osrm,56
287,2700.0,70.0,4200,Auto,1233.59,1081,osrm,33
288,4381.0,130.0,4200,Auto,6.27,11,osrm,57
289,3880.0,120.0,4200,Auto,6.01,9,osrm,96
290,2970.0,55.0,4200,Auto,1233.59,1081,osrm,36
291,4300.0,90.0,4200,Auto,1233.59,1081,osrm,0
292,2150.0,0.0,4200,Auto,2.27,4,osrm,80
293,4100.0,130.0,4200,Auto,1233.59,1081,osrm,34
294,2990.0,75.0,4200,Auto,2.85,5,osrm,100
295,2100.0,90.0,4200,Auto,7.11,11,osrm,100
296,2500.0,90.0,4200,Auto,2.5,5,osrm,100
297,7610.0,147.0,4200,Auto,1233.59,1081,osrm,4
298,2300.0,47.0,4200,Auto,2.8,5,osrm,97
299,3500.0,86.0,4200,Auto,1.97,4,osrm,100
300,2659.0,52.0,4200,Auto,1233.59,1081,osrm,35
301,2300.0,70.0,4200,Auto,2.69,5,osrm,95
302,3538.0,70.0,4200,Auto,1233.59,1081,osrm,46
303,4300.0,62.0,4200,Auto,1233.59,1081,osrm,3
304,2639.0,52.0,4200,Auto,1233.59,1081,osrm,31
305,3240.0,61.0,4200,Auto,1233.59,1081,osrm,37
306,2350.0,46.0,4200,Auto,6.1,11,osrm,82
307,4450.0,130.0,4200,Auto,1233.59,1081,osrm,4
308,5527.0,200.0,4200,Auto,1233.59,1081,osrm,0
309,2500.0,51.0,4200,Auto,6.64,8,osrm,93
310,4200.0,77.0,4200,Auto,1233.59,1081,osrm,40
311,2000.0,60.0,4200,Auto,3.15,6,osrm,90
312,4800.0,120.0,4200,Auto,7.08,10,osrm,58
313,2300.0,60.0,4200,Auto,7.93,12,osrm,92
314,3690.0,80.0,4200,Auto,1233.59,1081,osrm,34
315,2271.0,42.0,4200,Auto,7.41,9,osrm,92
316,2900.0,70.0,4200,Auto,1233.59,1081,osrm,47
317,2999.0,75.0,4200,Auto,2.06,4,osrm,100
318,1850.0,45.0,4200,Auto,6.74,8,osrm,84
319,3400.0,75.0,4200,Auto,2.15,4,osrm,100
320,2400.0,64.0,4200,Auto,6.53,10,osrm,94
321,2000.0,60.0,4200,Auto,6.66,9,osrm,92
322,3500.0,88.0,4200,Auto,1233.59,1081,osrm,33
323,3500.0,88.0,4200,Auto,7.69,11,osrm,100
324,2300.0,52.0,4200,Auto,1.72,3,osrm,90
325,4250.0,100.0,4200,Auto,1233.59,1081,osrm,3
326,3700.0,76.0,4200,Auto,1233.59,1081,osrm,41
327,2450.0,70.0,4200,Auto,9.52,12,osrm,94
328,4650.0,100.0,4200,Auto,1233.59,1081,osrm,0
329,2400.0,47.0,4200,Auto,7.29,12,osrm,97
330,2400.0,50.0,4200,Auto,6.14,10,osrm,84
332,2200.0,43.0,4200,Auto,7.49,11,osrm,84
333,3150.0,98.0,4200,Auto,1233.59,1081,osrm,47
334,3258.0,100.0,4200,Auto,1233.59,1081,osrm,36
335,3500.0,97.0,4200,Auto,1233.59,1081,osrm,39
336,6174.0,140.0,4200,Auto,1233.59,1081,osrm,0
337,2776.0,41.0,4200,Auto,1233.59,1081,osrm,31
338,4300.0,128.0,4200,Auto,1233.59,1081,osrm,0
339,1500.0,120.0,4200,Auto,16.82,23,osrm,65
340,2770.0,55.0,4200,Auto,1233.59,1081,osrm,18
341,2550.0,40.0,4200,Auto,7.15,12,osrm,85
342,2890.0,60.0,4200,Auto,1233.59,1081,osrm,33
343,3500.0,84.0,4200,Auto,1233.59,1081,osrm,36
344,2420.0,60.0,4200,Auto,1233.59,1081,osrm,20
345,3700.0,80.0,4200,Auto,1.73,3,osrm,88
346,5175.0,120.0,4200,Auto,1233.59,1081,osrm,0
347,1700.0,60.0,4200,Auto,2.84,5,osrm,91
348,1700.0,60.0,4200,Auto,2.69,5,osrm,83
349,8000.0,305.0,4200,Auto,1233.59,1081,osrm,0
350,3500.0,74.0,4200,Auto,6.92,11,osrm,100
351,2300.0,70.0,4200,Auto,7.2,12,osrm,100
353,2300.0,60.0,4200,Auto,6.95,10,osrm,81
354,2500.0,78.0,4200,Auto,1233.59,1081,osrm,39
355,5190.0,140.0,4200,Auto,7.08,9,osrm,58
356,2933.0,110.0,4200,Auto,1233.59,1081,osrm,42
357,3400.0,90.0,4200,Auto,6.97,11,osrm,99
358,2500.0,49.0,4200,Auto,2.52,5,osrm,92
359,2750.0,61.0,4200,Auto,6.01,10,osrm,100
360,5160.0,102.0,4200,Auto,1233.59,1081,osrm,0
361,2900.0,52.0,4200,Auto,1233.59,1081,osrm,34
362,2250.0,65.0,4200,Auto,1233.59,1081,osrm,47
364,2900.0,60.0,4200,Auto,1233.59,1081,osrm,23
365,3100.0,65.0,4200,Auto,5.05,8,osrm,100
366,2400.0,55.0,4200,Auto,2.26,4,osrm,85
367,3800.0,64.0,4200,Auto,7.13,9,osrm,100
368,4140.0,86.0,4200,Auto,1233.59,1081,osrm,42
369,2800.0,61.0,4200,Auto,6.78,9,osrm,93
370,3500.0,81.0,4200,Auto,1233.59,1081,osrm,41
371,2000.0,78.0,4200,Auto,6.81,10,osrm,100
372,4020.0,103.0,4200,Auto,1233.59,1081,osrm,42
373,6120.0,135.0,4200,Auto,1233.59,1081,osrm,0
375,3315.0,70.0,4200,Auto,6.79,12,osrm,100
376,2200.0,48.0,4200,Auto,7.89,12,osrm,88
377,2600.0,60.0,4200,Auto,6.94,10,osrm,93
378,3600.0,87.0,4200,Auto,1233.59,1081,osrm,45
379,2700.0,70.0,4200,Auto,1233.59,1081,osrm,47
380,7550.0,200.0,4200,Auto,1233.59,1081,osrm,0
381,3500.0,138.0,4200,Auto,1233.59,1081,osrm,33
382,8395.0,200.0,4200,Auto,1233.59,1081,osrm,0
383,2970.0,73.0,4200,Auto,1.88,4,osrm,93
384,3000.0,92.0,4200,Auto,5.87,10,osrm,100
385,2620.0,80.0,4200,Auto,7.09,11,osrm,100
387,2250.0,42.0,4200,Auto,7.62,11,osrm,92
388,2898.0,70.0,4200,Auto,11.22,15,osrm,100
389,9000.0,130.0,4200,Auto,1233.59,1081,osrm,4
390,2300.0,93.0,4200,Auto,2.08,4,osrm,100
391,2500.0,79.0,4200,Auto,5.95,10,osrm,94
392,9436.0,233.0,4200,Auto,7.36,12,osrm,49
394,2400.0,52.0,4200,Auto,1233.59,1081,osrm,29
397,2900.0,55.0,4200,Auto,1233.59,1081,osrm,17
398,4020.0,131.0,4200,Auto,7.11,10,osrm,91
400,3000.0,75.0,4200,Auto,1233.59,1081,osrm,33
401,2900.0,80.0,4200,Auto,1233.59,1081,osrm,36
402,6800.0,182.0,4200,Auto,1233.59,1081,osrm,0
403,8027.0,207.0,4200,Auto,7.02,10,osrm,60
405,4500.0,2500.0,4200,Auto,23.88,33,osrm,19
406,3050.0,52.0,4200,Auto,1233.59,1081,osrm,25
407,2600.0,48.0,4200,Auto,1233.59,1081,osrm,19
408,3385.0,65.0,4200,Auto,1233.59,1081,osrm,49
409,2995.0,75.0,4200,Auto,1233.59,1081,osrm,42
410,7875.0,160.0,4200,Auto,6.97,11,osrm,59
411,2600.0,90.0,4200,Auto,6.17,10,osrm,95
412,3780.0,60.0,4200,Auto,2.27,4,osrm,75
414,1790.0,74.0,4200,Auto,6.78,11,osrm,100
415,5075.0,154.0,4200,Auto,2.54,5,osrm,62
416,6120.0,100.0,4200,Auto,3.0,6,osrm,59
417,2950.0,85.0,4200,Auto,5.17,9,osrm,99
418,3200.0,121.0,4200,Auto,2.6,5,osrm,100
419,7200.0,388.0,4200,Auto,2.77,5,osrm,55
420,3360.0,50.0,4200,Auto,2.96,5,osrm,90
421,3500.0,160.0,4200,Auto,1233.59,1081,osrm,37
422,3400.0,80.0,4200,Auto,4.28,8,osrm,100
423,2700.0,63.0,4200,Auto,4.58,9,osrm,100
424,1700.0,70.0,4200,Auto,9.47,13,osrm,100
425,3500.0,97.0,4200,Auto,2.25,4,osrm,90
426,3450.0,144.0,4200,Auto,14.37,17,osrm,65
427,1850.0,41.0,4200,Auto,3.25,6,osrm,100
428,4231.0,62.0,4200,Auto,2.46,4,osrm,55
429,2600.0,45.0,4200,Auto,2.61,5,osrm,81
430,2950.0,140.0,4200,Auto,8.13,13,osrm,92
431,2500.0,89.0,4200,Auto,8.04,13,osrm,100
432,2600.0,118.0,4200,Auto,6.51,10,osrm,93
433,2500.0,102.0,4200,Auto,6.03,9,osrm,100
434,5250.0,63.0,4200,Auto,3.24,5,osrm,64
435,2200.0,46.0,4200,Auto,2.93,5,osrm,89
436,3000.0,84.0,4200,Auto,5.41,8,osrm,100
437,3750.0,100.0,4200,Auto,4.24,6,osrm,97
438,3350.0,135.0,4200,Auto,7.46,12,osrm,99
439,7980.0,151.0,4200,Auto,2.56,4,osrm,62
440,3150.0,93.0,4200,Auto,5.52,10,osrm,97
442,2500.0,110.0,4200,Auto,7.36,12,osrm,99
443,2933.0,63.0,4200,Auto,2.97,5,osrm,100
444,1600.0,68.0,4200,Auto,6.6,9,osrm,100
445,2100.0,65.0,4200,Auto,6.64,10,osrm,97
446,2700.0,45.0,4200,Auto,2.35,4,osrm,79
447,2750.0,80.0,4200,Auto,14.61,18,osrm,58
448,2700.0,43.0,4200,Auto,2.83,5,osrm,91
449,2850.0,58.0,4200,Auto,6.36,9,osrm,87
450,2850.0,58.0,4200,Auto,2.11,4,osrm,78
451,8675.0,440.0,4200,Auto,6.24,10,osrm,60
452,4200.0,147.0,4200,Auto,11.57,15,osrm,100
453,2500.0,47.0,4200,Auto,1.92,4,osrm,78
454,2058.0,45.0,4200,Auto,9.6,11,osrm,94
456,1000.0,40.0,4200,Auto,8.28,13,osrm,100
457,2700.0,63.0,4200,Auto,2.11,4,osrm,100
458,5200.0,120.0,4200,Auto,5.18,9,osrm,63
459,2250.0,40.0,4200,Auto,4.59,9,osrm,88
460,1600.0,78.0,4200,Auto,6.97,11,osrm,100
461,2600.0,104.0,4200,Auto,6.44,10,osrm,99
462,4032.0,60.0,4200,Auto,2.93,5,osrm,71
463,2500.0,59.0,4200,Auto,4.89,9,osrm,84
464,3700.0,62.0,4200,Auto,2.96,5,osrm,100
465,3987.0,66.0,4200,Auto,2.58,5,osrm,98
466,1500.0,60.0,4200,Auto,8.12,13,osrm,94
467,1800.0,61.0,4200,Auto,8.16,13,osrm,100
468,3100.0,80.0,4200,Auto,6.13,9,osrm,91
469,3300.0,66.0,4200,Auto,6.27,9,osrm,95
470,2600.0,80.0,4200,Auto,6.51,10,osrm,100
471,2300.0,77.0,4200,Auto,6.95,12,osrm,100
473,2100.0,56.0,4200,Auto,3.15,6,osrm,92
474,3000.0,100.0,4200,Auto,6.85,12,osrm,100
475,2700.0,70.0,4200,Auto,5.59,8,osrm,100
476,2400.0,42.0,4200,Auto,5.57,10,osrm,96
477,2700.0,49.0,4200,Auto,2.04,4,osrm,90
478,8050.0,216.0,4200,Auto,2.48,5,osrm,59
479,1900.0,43.0,4200,Auto,2.47,4,osrm,88
480,4200.0,147.0,4200,Auto,11.2,14,osrm,86
481,1900.0,43.0,4200,Auto,2.37,4,osrm,99
482,4200.0,147.0,4200,Auto,12.05,20,osrm,61
483,4000.0,45.0,4200,Auto,2.03,4,osrm,85
487,2000.0,47.0,4200,Auto,7.32,13,osrm,97
488,1850.0,44.0,4200,Auto,6.8,11,osrm,94
489,9254.0,170.0,4200,Auto,2.71,5,osrm,56
490,3000.0,69.0,4200,Auto,8.75,14,osrm,93
491,3500.0,73.0,4200,Auto,2.75,5,osrm,100
492,1900.0,45.0,4200,Auto,7.72,13,osrm,84
493,2100.0,57.0,4200,Auto,6.34,12,osrm,87
494,2300.0,45.0,4200,Auto,2.49,5,osrm,97
495,7590.0,217.0,4200,Auto,1233.59,1081,osrm,0
497,3150.0,84.0,4200,Auto,1233.59,1081,osrm,43
498,6400.0,177.0,4200,Auto,2.2,4,osrm,59
499,3000.0,108.0,4200,Auto,6.11,10,osrm,100
504,4100.0,142.0,4200,Auto,7.05,11,osrm,95
506,2400.0,50.0,4200,Auto,2.61,5,osrm,89
507,1700.0,40.0,4200,Auto,6.88,12,osrm,90
508,1600.0,50.0,4200,Auto,3.27,5,osrm,99
509,3700.0,120.0,4200,Auto,2.56,5,osrm,100
3,2750.0,60.0,2600,Caminando,7.98,11,osrm,42
4,9000.0,1200.0,2600,Caminando,11.65,15,osrm,39
5,4590.0,140.0,2600,Caminando,5.34,8,osrm,45
6,2500.0,70.0,2600,Caminando,12.83,16,osrm,34
7,1200.0,73.0,2600,Caminando,16.8,18,osrm,41
8,3365.0,108.0,2600,Caminando,22.73,29,osrm,10
9,1450.0,73.0,2600,Caminando,12.9,16,osrm,42
10,3048.0,68.0,2600,Caminando,1229.6,1076,osrm,0
11,3600.0,93.0,2600,Caminando,1229.6,1076,osrm,0
12,5760.0,110.0,2600,Caminando,1229.6,1076,osrm,0
13,2140.0,60.0,2600,Caminando,0.24,1,osrm,85
14,2950.0,95.0,2600,Caminando,1229.6,1076,osrm,0
15,2700.0,40.0,2600,Caminando,1229.6,1076,osrm,0
16,2600.0,40.0,2600,Caminando,3.69,5,osrm,71
17,2450.0,56.0,2600,Caminando,9.23,12,osrm,84
18,4500.0,140.0,2600,Caminando,1229.6,1076,osrm,0
20,8500.0,325.0,2600,Caminando,5.04,6,osrm,38
22,3800.0,80.0,2600,Caminando,4.29,5,osrm,33
23,2900.0,74.0,2600,Caminando,1229.6,1076,osrm,0
24,3500.0,220.0,2600,Caminando,36.16,44,osrm,2
25,2600.0,42.0,2600,Caminando,3.88,5,osrm,70
26,3205.0,72.0,2600,Caminando,1229.6,1076,osrm,0
27,4400.0,100.0,2600,Caminando,1229.6,1076,osrm,0
28,2710.0,70.0,2600,Caminando,1.45,2,osrm,32
29,2100.0,70.0,2600,Caminando,4.0,7,osrm,76
30,8500.0,251.0,2600,Caminando,3.38,6,osrm,31
31,6210.0,290.0,2600,Caminando,4.74,10,osrm,41
32,2200.0,55.0,2600,Caminando,1229.6,1076,osrm,15
33,2527.0,81.0,2600,Caminando,1229.6,1076,osrm,27
34,5100.0,121.0,2600,Caminando,1229.6,1076,osrm,0
35,3060.0,80.0,2600,Caminando,1229.6,1076,osrm,0
36,4100.0,84.0,2600,Caminando,1229.6,1076,osrm,0
37,3300.0,98.0,2600,Caminando,1229.6,1076,osrm,0
38,2700.0,69.0,2600,Caminando,5.34,7,osrm,37
39,2700.0,85.0,2600,Caminando,5.32,7,osrm,38
40,2584.0,52.0,2600,Caminando,1.19,3,osrm,79
41,8930.0,130.0,2600,Caminando,1229.6,1076,osrm,0
42,3709.0,107.0,2600,Caminando,1229.6,1076,osrm,0
44,3777.0,62.0,2600,Caminando,11.1,16,osrm,0
46,2600.0,52.0,2600,Caminando,4.85,6,osrm,90
47,4400.0,84.0,2600,Caminando,1229.6,1076,osrm,0
48,6900.0,130.0,2600,Caminando,1229.6,1076,osrm,0
49,2333.0,55.0,2600,Caminando,4.17,5,osrm,81
50,4500.0,74.0,2600,Caminando,1229.6,1076,osrm,0
51,5500.0,160.0,2600,Caminando,1229.6,1076,osrm,0
52,1600.0,84.0,2600,Caminando,21.75,27,osrm,52
53,3500.0,92.0,2600,Caminando,1229.6,1076,osrm,0
54,4836.0,94.0,2600,Caminando,3.39,5,osrm,32
56,3380.0,69.0,2600,Caminando,1229.6,1076,osrm,0
58,8700.0,333.0,2600,Caminando,1229.6,1076,osrm,0
59,3700.0,118.0,2600,Caminando,1229.6,1076,osrm,0
60,3280.0,78.0,2600,Caminando,1229.6,1076,osrm,0
61,2760.0,58.0,2600,Caminando,1229.6,1076,osrm,0
62,4400.0,190.0,2600,Caminando,1229.6,1076,osrm,0
63,4300.0,93.0,2600,Caminando,1229.6,1076,osrm,0
64,3000.0,78.0,2600,Caminando,1229.6,1076,osrm,0
65,2700.0,75.0,2600,Caminando,7.92,10,osrm,39
66,4617.0,146.0,2600,Caminando,1.21,2,osrm,31
67,3000.0,79.0,2600,Caminando,11.06,16,osrm,0
68,2300.0,59.0,2600,Caminando,8.26,11,osrm,90
69,2243.0,75.0,2600,Caminando,1229.6,1076,osrm,15
70,3990.0,68.0,2600,Caminando,1229.6,1076,osrm,0
71,3800.0,69.0,2600,Caminando,1229.6,1076,osrm,0
72,2200.0,69.0,2600,Caminando,9.22,11,osrm,82
73,3200.0,84.0,2600,Caminando,1229.6,1076,osrm,0
75,3350.0,70.0,2600,Caminando,1229.6,1076,osrm,0
77,5175.0,135.0,2600,Caminando,1229.6,1076,osrm,0
78,5040.0,180.0,2600,Caminando,1229.6,1076,osrm,0
79,2510.0,45.0,2600,Caminando,1.27,3,osrm,89
80,9400.0,203.0,2600,Caminando,1229.6,1076,osrm,0
81,3190.0,63.0,2600,Caminando,1229.6,1076,osrm,0
82,3480.0,64.0,2600,Caminando,1229.6,1076,osrm,0
83,2780.0,53.0,2600,Caminando,1229.6,1076,osrm,0
84,2700.0,43.0,2600,Caminando,0.76,2,osrm,42
85,3855.0,76.0,2600,Caminando,1229.6,1076,osrm,0
87,6210.0,180.0,2600,Caminando,1229.6,1076,osrm,0
88,2800.0,80.0,2600,Caminando,1229.6,1076,osrm,0
89,4685.0,100.0,2600,Caminando,1229.6,1076,osrm,0
90,2600.0,55.0,2600,Caminando,8.95,12,osrm,73
91,6170.0,168.0,2600,Caminando,1229.6,1076,osrm,0
92,4140.0,106.0,2600,Caminando,1229.6,1076,osrm,0
93,3100.0,85.0,2600,Caminando,10.85,15,osrm,40
94,3700.0,92.0,2600,Caminando,1229.6,1076,osrm,0
95,7370.0,220.0,2600,Caminando,16.43,19,osrm,5
97,9800.0,172.0,2600,Caminando,1229.6,1076,osrm,0
98,2400.0,69.0,2600,Caminando,1229.6,1076,osrm,16
99,3000.0,100.0,2600,Caminando,10.09,12,osrm,44
100,4650.0,100.0,2600,Caminando,1.61,4,osrm,47
101,8500.0,200.0,2600,Caminando,1229.6,1076,osrm,0
103,5160.0,135.0,2600,Caminando,1229.6,1076,osrm,0
104,5780.0,125.0,2600,Caminando,3.38,5,osrm,44
105,3790.0,100.0,2600,Caminando,1229.6,1076,osrm,0
106,2900.0,71.0,2600,Caminando,8.51,10,osrm,36
107,6800.0,154.0,2600,Caminando,1229.6,1076,osrm,0
108,4380.0,86.0,2600,Caminando,1229.6,1076,osrm,0
109,2530.0,48.0,2600,Caminando,9.12,12,osrm,74
110,2360.0,42.0,2600,Caminando,0.0,0,osrm,86
112,2900.0,65.0,2600,Caminando,1229.6,1076,osrm,0
113,2900.0,69.0,2600,Caminando,10.85,15,osrm,41
114,2177.0,40.0,2600,Caminando,1.45,3,osrm,91
115,9045.0,316.0,2600,Caminando,1229.6,1076,osrm,0
116,2800.0,71.0,2600,Caminando,5.49,7,osrm,47
117,3230.0,58.0,2600,Caminando,1.75,4,osrm,38
118,7480.0,200.0,2600,Caminando,1229.6,1076,osrm,0
122,2400.0,62.0,2600,Caminando,13.16,17,osrm,50
123,3200.0,79.0,2600,Caminando,12.06,15,osrm,36
124,7400.0,208.0,2600,Caminando,8.95,12,osrm,39
125,1700.0,70.0,2600,Caminando,11.51,14,osrm,92
126,2600.0,70.0,2600,Caminando,11.62,15,osrm,80
127,3777.0,62.0,2600,Caminando,8.16,11,osrm,47
128,2057.0,52.0,2600,Caminando,8.37,12,osrm,80
129,3000.0,98.0,2600,Caminando,11.89,14,osrm,48
130,2200.0,76.0,2600,Caminando,11.8,14,osrm,91
131,900.0,54.0,2600,Caminando,22.28,32,osrm,61
132,3100.0,64.0,2600,Caminando,4.84,7,osrm,38
133,2200.0,55.0,2600,Caminando,13.39,18,osrm,47
134,1800.0,61.0,2600,Caminando,30.22,40,osrm,39
135,3100.0,67.0,2600,Caminando,8.41,11,osrm,42
136,3100.0,63.0,2600,Caminando,8.05,11,osrm,42
137,1300.0,31.0,2600,Caminando,11.71,15,osrm,91
138,3000.0,114.0,2600,Caminando,5.21,7,osrm,43
139,2350.0,60.0,2600,Caminando,11.85,14,osrm,84
140,2750.0,46.0,2600,Caminando,7.9,11,osrm,31
141,3550.0,124.0,2600,Caminando,6.75,8,osrm,32
142,7480.0,300.0,2600,Caminando,8.15,11,osrm,49
143,3850.0,60.0,2600,Caminando,8.41,11,osrm,39
144,4000.0,100.0,2600,Caminando,1229.6,1076,osrm,0
145,4450.0,150.0,2600,Caminando,5.48,8,osrm,42
146,7000.0,265.0,2600,Caminando,7.56,11,osrm,39
147,2400.0,82.0,2600,Caminando,12.44,18,osrm,45
149,3850.0,45.0,2600,Caminando,8.04,11,osrm,41
150,4500.0,60.0,2600,Caminando,8.32,12,osrm,45
151,999.0,18.0,2600,Caminando,4.89,7,osrm,93
152,1200.0,60.0,2600,Caminando,21.45,27,osrm,53
153,2450.0,70.0,2600,Caminando,13.54,18,osrm,33
154,1850.0,74.0,2600,Caminando,13.12,19,osrm,56
155,1700.0,41.0,2600,Caminando,12.83,17,osrm,54
156,2800.0,60.0,2600,Caminando,7.85,10,osrm,35
157,2500.0,48.0,2600,Caminando,8.4,11,osrm,75
158,2300.0,40.0,2600,Caminando,8.68,12,osrm,83
159,3852.0,130.0,2600,Caminando,5.59,8,osrm,32
160,2750.0,45.0,2600,Caminando,7.89,11,osrm,32
161,2650.0,60.0,2600,Caminando,7.77,11,osrm,37
162,3500.0,60.0,2600,Caminando,7.4,10,osrm,48
163,4300.0,210.0,2600,Caminando,5.44,8,osrm,45
164,3325.0,46.0,2600,Caminando,7.93,11,osrm,34
165,4200.0,86.0,2600,Caminando,8.36,11,osrm,33
166,9760.0,300.0,2600,Caminando,8.64,12,osrm,34
167,5650.0,216.0,2600,Caminando,7.45,10,osrm,50
168,6960.0,172.0,2600,Caminando,8.89,11,osrm,45
171,3660.0,73.0,2600,Caminando,8.26,12,osrm,38
172,2800.0,67.0,2600,Caminando,7.81,11,osrm,32
173,2700.0,66.0,2600,Caminando,11.34,13,osrm,33
174,2098.0,60.0,2600,Caminando,13.17,17,osrm,42
175,6840.0,275.0,2600,Caminando,4.99,7,osrm,40
176,3750.0,117.0,2600,Caminando,7.7,10,osrm,44
177,2300.0,61.0,2600,Caminando,11.84,14,osrm,78
178,2700.0,45.0,2600,Caminando,8.42,11,osrm,39
180,2800.0,89.0,2600,Caminando,11.69,14,osrm,47
181,3400.0,81.0,2600,Caminando,8.15,11,osrm,38
183,6840.0,198.0,2600,Caminando,8.23,11,osrm,49
184,8500.0,262.0,2600,Caminando,4.52,6,osrm,46
185,2590.0,42.0,2600,Caminando,7.87,10,osrm,84
186,2200.0,56.0,2600,Caminando,13.92,18,osrm,44
188,3400.0,60.0,2600,Caminando,7.39,10,osrm,39
190,2500.0,45.0,2600,Caminando,7.57,10,osrm,78
192,6420.0,205.0,2600,Caminando,5.13,7,osrm,32
193,3230.0,62.0,2600,Caminando,7.61,11,osrm,36
195,5100.0,150.0,2600,Caminando,7.83,10,osrm,35
196,3905.0,143.0,2600,Caminando,19.26,26,osrm,8
197,2200.0,120.0,2600,Caminando,5.88,9,osrm,78
199,2800.0,96.0,2600,Caminando,4.42,5,osrm,50
200,2650.0,80.0,2600,Caminando,4.97,6,osrm,43
201,4930.0,123.0,2600,Caminando,1229.6,1076,osrm,0
202,2900.0,95.0,2600,Caminando,7.76,11,osrm,35
203,2950.0,46.0,2600,Caminando,8.12,11,osrm,36
204,4590.0,100.0,2600,Caminando,8.46,10,osrm,33
205,2500.0,85.0,2600,Caminando,4.56,6,osrm,72
207,3000.0,78.0,2600,Caminando,1229.6,1076,osrm,0
208,4446.0,117.0,2600,Caminando,8.21,11,osrm,41
209,5568.0,131.0,2600,Caminando,7.72,11,osrm,39
210,5500.0,200.0,2600,Caminando,27.15,33,osrm,0
211,3800.0,80.0,2600,Caminando,16.59,19,osrm,0
212,3910.0,100.0,2600,Caminando,5.28,8,osrm,46
213,4389.0,120.0,2600,Caminando,1229.6,1076,osrm,0
214,3200.0,73.0,2600,Caminando,10.87,13,osrm,32
215,2700.0,130.0,2600,Caminando,5.71,7,osrm,32
216,3600.0,63.0,2600,Caminando,7.7,11,osrm,39
218,3481.0,127.0,2600,Caminando,8.27,11,osrm,44
219,4050.0,120.0,2600,Caminando,8.33,12,osrm,50
220,2300.0,84.0,2600,Caminando,8.51,11,osrm,90
221,6300.0,280.0,2600,Caminando,7.95,10,osrm,42
222,8625.0,161.0,2600,Caminando,8.16,11,osrm,30
223,4650.0,92.0,2600,Caminando,4.46,6,osrm,45
224,4150.0,115.0,2600,Caminando,5.02,7,osrm,49
225,8510.0,280.0,2600,Caminando,7.04,9,osrm,42
227,6000.0,143.0,2600,Caminando,7.61,10,osrm,40
228,3276.0,130.0,2600,Caminando,5.15,8,osrm,43
230,9716.0,405.0,2600,Caminando,5.23,8,osrm,41
231,3500.0,131.0,2600,Caminando,9.0,13,osrm,48
232,3000.0,100.0,2600,Caminando,4.18,6,osrm,36
233,2000.0,84.0,2600,Caminando,13.79,19,osrm,46
234,1750.0,40.0,2600,Caminando,15.88,19,osrm,51
235,2200.0,42.0,2600,Caminando,1.65,4,osrm,83
236,1800.0,48.0,2600,Caminando,13.18,17,osrm,52
237,3100.0,120.0,2600,Caminando,1229.6,1076,osrm,0
238,8500.0,180.0,2600,Caminando,1229.6,1076,osrm,0
239,3502.0,81.0,2600,Caminando,7.62,10,osrm,42
241,3000.0,60.0,2600,Caminando,1229.6,1076,osrm,0
242,4342.0,110.0,2600,Caminando,1229.6,1076,osrm,0
244,4500.0,2500.0,2600,Caminando,10.45,13,osrm,33
245,1250.0,38.0,2600,Caminando,8.13,11,osrm,81
246,3430.0,60.0,2600,Caminando,1229.6,1076,osrm,0
248,2200.0,70.0,2600,Caminando,13.65,18,osrm,50
249,1500.0,153.0,2600,Caminando,26.08,34,osrm,43
250,4500.0,2000.0,2600,Caminando,15.34,18,osrm,0
251,5900.0,5000.0,2600,Caminando,14.73,19,osrm,9
252,3900.0,1012.0,2600,Caminando,29.59,37,osrm,0
253,3000.0,1012.0,2600,Caminando,14.73,19,osrm,4
254,2200.0,1012.0,2600,Caminando,7.97,11,osrm,89
255,6300.0,5000.0,2600,Caminando,19.39,25,osrm,0
256,2900.0,3000.0,2600,Caminando,30.37,44,osrm,2
257,1500.0,65.0,2600,Caminando,13.22,17,osrm,54
258,1800.0,72.0,2600,Caminando,13.47,18,osrm,52
259,2300.0,60.0,2600,Caminando,12.76,17,osrm,38
260,2600.0,61.0,2600,Caminando,1229.6,1076,osrm,26
261,5250.0,110.0,2600,Caminando,1.96,4,osrm,35
262,1980.0,41.0,2600,Caminando,0.73,1,osrm,81
263,3200.0,105.0,2600,Caminando,9.28,12,osrm,44
264,4100.0,120.0,2600,Caminando,1229.6,1076,osrm,0
265,4718.0,120.0,2600,Caminando,1229.6,1076,osrm,0
266,4250.0,73.0,2600,Caminando,1229.6,1076,osrm,0
267,2950.0,64.0,2600,Caminando,1.75,4,osrm,46
268,3000.0,75.0,2600,Caminando,7.75,10,osrm,39
269,3450.0,80.0,2600,Caminando,1229.6,1076,osrm,0
270,2500.0,43.0,2600,Caminando,1.11,3,osrm,85
271,2800.0,60.0,2600,Caminando,10.95,15,osrm,44
272,4800.0,145.0,2600,Caminando,1229.6,1076,osrm,0
273,3450.0,91.0,2600,Caminando,1229.6,1076,osrm,0
274,2800.0,89.0,2600,Caminando,1.61,3,osrm,45
275,2300.0,72.0,2600,Caminando,1229.6,1076,osrm,32
276,2500.0,75.0,2600,Caminando,8.41,12,osrm,78
277,1750.0,90.0,2600,Caminando,5.3,7,osrm,84
278,3260.0,64.0,2600,Caminando,1229.6,1076,osrm,0
279,4040.0,104.0,2600,Caminando,1229.6,1076,osrm,0
280,4875.0,115.0,2600,Caminando,1229.6,1076,osrm,0
281,4100.0,95.0,2600,Caminando,1229.6,1076,osrm,0
282,3000.0,120.0,2600,Caminando,16.14,26,osrm,8
283,3259.0,87.0,2600,Caminando,1229.6,1076,osrm,0
284,2932.0,70.0,2600,Caminando,10.97,15,osrm,40
285,1800.0,75.0,2600,Caminando,9.69,11,osrm,94
286,1350.0,55.0,2600,Caminando,16.42,21,osrm,48
287,2700.0,70.0,2600,Caminando,1229.6,1076,osrm,0
288,4381.0,130.0,2600,Caminando,10.88,15,osrm,38
289,3880.0,120.0,2600,Caminando,0.47,1,osrm,32
290,2970.0,55.0,2600,Caminando,1229.6,1076,osrm,0
291,4300.0,90.0,2600,Caminando,1229.6,1076,osrm,0
292,2150.0,0.0,2600,Caminando,7.97,10,osrm,83
293,4100.0,130.0,2600,Caminando,1229.6,1076,osrm,0
294,2990.0,75.0,2600,Caminando,8.55,12,osrm,31
295,2100.0,90.0,2600,Caminando,12.91,16,osrm,38
296,2500.0,90.0,2600,Caminando,8.2,11,osrm,82
297,7610.0,147.0,2600,Caminando,1229.6,1076,osrm,0
298,2300.0,47.0,2600,Caminando,8.5,12,osrm,80
299,3500.0,86.0,2600,Caminando,8.76,11,osrm,34
300,2659.0,52.0,2600,Caminando,1229.6,1076,osrm,0
301,2300.0,70.0,2600,Caminando,5.27,7,osrm,81
302,3538.0,70.0,2600,Caminando,1229.6,1076,osrm,0
303,4300.0,62.0,2600,Caminando,1229.6,1076,osrm,0
304,2639.0,52.0,2600,Caminando,1229.6,1076,osrm,0
305,3240.0,61.0,2600,Caminando,1229.6,1076,osrm,0
306,2350.0,46.0,2600,Caminando,10.71,15,osrm,92
307,4450.0,130.0,2600,Caminando,1229.6,1076,osrm,0
308,5527.0,200.0,2600,Caminando,1229.6,1076,osrm,0
309,2500.0,51.0,2600,Caminando,3.35,5,osrm,85
310,4200.0,77.0,2600,Caminando,1229.6,1076,osrm,0
311,2000.0,60.0,2600,Caminando,4.94,6,osrm,76
312,4800.0,120.0,2600,Caminando,0.79,2,osrm,31
313,2300.0,60.0,2600,Caminando,1.84,4,osrm,85
314,3690.0,80.0,2600,Caminando,1229.6,1076,osrm,0
315,2271.0,42.0,2600,Caminando,4.12,6,osrm,80
316,2900.0,70.0,2600,Caminando,1229.6,1076,osrm,0
317,2999.0,75.0,2600,Caminando,7.76,11,osrm,42
318,1850.0,45.0,2600,Caminando,3.45,5,osrm,96
319,3400.0,75.0,2600,Caminando,8.94,11,osrm,30
320,2400.0,64.0,2600,Caminando,0.87,2,osrm,73
321,2000.0,60.0,2600,Caminando,0.38,1,osrm,79
322,3500.0,88.0,2600,Caminando,1229.6,1076,osrm,0
323,3500.0,88.0,2600,Caminando,1.61,3,osrm,36
324,2300.0,52.0,2600,Caminando,8.51,10,osrm,79
325,4250.0,100.0,2600,Caminando,1229.6,1076,osrm,0
326,3700.0,76.0,2600,Caminando,1229.6,1076,osrm,0
327,2450.0,70.0,2600,Caminando,2.88,6,osrm,77
328,4650.0,100.0,2600,Caminando,1229.6,1076,osrm,0
329,2400.0,47.0,2600,Caminando,1.63,4,osrm,77
330,2400.0,50.0,2600,Caminando,10.67,15,osrm,80
332,2200.0,43.0,2600,Caminando,1.41,3,osrm,81
333,3150.0,98.0,2600,Caminando,1229.6,1076,osrm,0
334,3258.0,100.0,2600,Caminando,1229.6,1076,osrm,0
335,3500.0,97.0,2600,Caminando,1229.6,1076,osrm,0
336,6174.0,140.0,2600,Caminando,1229.6,1076,osrm,0
337,2776.0,41.0,2600,Caminando,1229.6,1076,osrm,0
338,4300.0,128.0,2600,Caminando,1229.6,1076,osrm,0
339,1500.0,120.0,2600,Caminando,22.62,28,osrm,46
340,2770.0,55.0,2600,Caminando,1229.6,1076,osrm,0
341,2550.0,40.0,2600,Caminando,1.5,4,osrm,90
342,2890.0,60.0,2600,Caminando,1229.6,1076,osrm,0
343,3500.0,84.0,2600,Caminando,1229.6,1076,osrm,0
344,2420.0,60.0,2600,Caminando,1229.6,1076,osrm,17
345,3700.0,80.0,2600,Caminando,5.72,8,osrm,38
346,5175.0,120.0,2600,Caminando,1229.6,1076,osrm,0
347,1700.0,60.0,2600,Caminando,8.54,12,osrm,81
348,1700.0,60.0,2600,Caminando,8.38,12,osrm,77
349,8000.0,305.0,2600,Caminando,1229.6,1076,osrm,0
350,3500.0,74.0,2600,Caminando,1.26,3,osrm,40
351,2300.0,70.0,2600,Caminando,1.55,4,osrm,87
353,2300.0,60.0,2600,Caminando,0.78,2,osrm,81
354,2500.0,78.0,2600,Caminando,1229.6,1076,osrm,13
355,5190.0,140.0,2600,Caminando,3.8,5,osrm,43
356,2933.0,110.0,2600,Caminando,1229.6,1076,osrm,0
357,3400.0,90.0,2600,Caminando,1.31,3,osrm,38
358,2500.0,49.0,2600,Caminando,8.69,11,osrm,86
359,2750.0,61.0,2600,Caminando,10.24,14,osrm,45
360,5160.0,102.0,2600,Caminando,1229.6,1076,osrm,0
361,2900.0,52.0,2600,Caminando,1229.6,1076,osrm,0
362,2250.0,65.0,2600,Caminando,1229.6,1076,osrm,15
364,2900.0,60.0,2600,Caminando,1229.6,1076,osrm,0
365,3100.0,65.0,2600,Caminando,11.09,14,osrm,42
366,2400.0,55.0,2600,Caminando,4.88,6,osrm,83
367,3800.0,64.0,2600,Caminando,3.84,5,osrm,48
368,4140.0,86.0,2600,Caminando,1229.6,1076,osrm,0
369,2800.0,61.0,2600,Caminando,0.86,2,osrm,33
370,3500.0,81.0,2600,Caminando,1229.6,1076,osrm,0
371,2000.0,78.0,2600,Caminando,12.61,16,osrm,51
372,4020.0,103.0,2600,Caminando,1229.6,1076,osrm,0
373,6120.0,135.0,2600,Caminando,1229.6,1076,osrm,0
375,3315.0,70.0,2600,Caminando,10.14,14,osrm,32
376,2200.0,48.0,2600,Caminando,1.81,4,osrm,75
377,2600.0,60.0,2600,Caminando,0.77,2,osrm,89
378,3600.0,87.0,2600,Caminando,1229.6,1076,osrm,0
379,2700.0,70.0,2600,Caminando,1229.6,1076,osrm,0
380,7550.0,200.0,2600,Caminando,1229.6,1076,osrm,0
381,3500.0,138.0,2600,Caminando,1229.6,1076,osrm,0
382,8395.0,200.0,2600,Caminando,1229.6,1076,osrm,0
383,2970.0,73.0,2600,Caminando,8.67,10,osrm,35
384,3000.0,92.0,2600,Caminando,11.17,16,osrm,3
385,2620.0,80.0,2600,Caminando,1.44,3,osrm,34
387,2250.0,42.0,2600,Caminando,1.54,3,osrm,88
388,2898.0,70.0,2600,Caminando,17.18,21,osrm,8
389,9000.0,130.0,2600,Caminando,1229.6,1076,osrm,0
390,2300.0,93.0,2600,Caminando,5.29,7,osrm,87
391,2500.0,79.0,2600,Caminando,11.75,15,osrm,87
392,9436.0,233.0,2600,Caminando,1.7,4,osrm,37
394,2400.0,52.0,2600,Caminando,1229.6,1076,osrm,24
397,2900.0,55.0,2600,Caminando,1229.6,1076,osrm,0
398,4020.0,131.0,2600,Caminando,0.94,2,osrm,32
400,3000.0,75.0,2600,Caminando,1229.6,1076,osrm,0
401,2900.0,80.0,2600,Caminando,1229.6,1076,osrm,0
402,6800.0,182.0,2600,Caminando,1229.6,1076,osrm,0
403,8027.0,207.0,2600,Caminando,0.86,2,osrm,44
405,4500.0,2500.0,2600,Caminando,29.85,39,osrm,5
406,3050.0,52.0,2600,Caminando,1229.6,1076,osrm,0
407,2600.0,48.0,2600,Caminando,1229.6,1076,osrm,26
408,3385.0,65.0,2600,Caminando,1229.6,1076,osrm,0
409,2995.0,75.0,2600,Caminando,1229.6,1076,osrm,0
410,7875.0,160.0,2600,Caminando,4.19,6,osrm,38
411,2600.0,90.0,2600,Caminando,10.86,15,osrm,75
412,3780.0,60.0,2600,Caminando,7.57,10,osrm,43
414,1790.0,74.0,2600,Caminando,5.47,8,osrm,85
415,5075.0,154.0,2600,Caminando,7.84,11,osrm,36
416,6120.0,100.0,2600,Caminando,8.3,12,osrm,38
417,2950.0,85.0,2600,Caminando,12.16,15,osrm,38
418,3200.0,121.0,2600,Caminando,7.9,11,osrm,36
419,7200.0,388.0,2600,Caminando,8.07,11,osrm,43
420,3360.0,50.0,2600,Caminando,8.26,11,osrm,47
421,3500.0,160.0,2600,Caminando,1229.6,1076,osrm,0
422,3400.0,80.0,2600,Caminando,11.02,13,osrm,31
423,2700.0,63.0,2600,Caminando,11.82,14,osrm,46
424,1700.0,70.0,2600,Caminando,3.65,7,osrm,94
425,3500.0,97.0,2600,Caminando,7.55,10,osrm,31
426,3450.0,144.0,2600,Caminando,16.17,18,osrm,0
427,1850.0,41.0,2600,Caminando,8.93,12,osrm,93
428,4231.0,62.0,2600,Caminando,7.76,10,osrm,36
429,2600.0,45.0,2600,Caminando,7.91,11,osrm,80
430,2950.0,140.0,2600,Caminando,13.72,18,osrm,4
431,2500.0,89.0,2600,Caminando,13.63,18,osrm,41
432,2600.0,118.0,2600,Caminando,5.21,8,osrm,75
433,2500.0,102.0,2600,Caminando,4.72,7,osrm,73
434,5250.0,63.0,2600,Caminando,8.54,11,osrm,43
435,2200.0,46.0,2600,Caminando,8.23,11,osrm,84
436,3000.0,84.0,2600,Caminando,11.21,13,osrm,42
437,3750.0,100.0,2600,Caminando,8.41,11,osrm,49
438,3350.0,135.0,2600,Caminando,12.67,16,osrm,2
439,7980.0,151.0,2600,Caminando,8.24,11,osrm,47
440,3150.0,93.0,2600,Caminando,12.26,16,osrm,3
442,2500.0,110.0,2600,Caminando,12.89,19,osrm,45
443,2933.0,63.0,2600,Caminando,8.26,11,osrm,46
444,1600.0,68.0,2600,Caminando,12.57,15,osrm,95
445,2100.0,65.0,2600,Caminando,12.44,15,osrm,85
446,2700.0,45.0,2600,Caminando,8.04,11,osrm,35
447,2750.0,80.0,2600,Caminando,16.42,18,osrm,6
448,2700.0,43.0,2600,Caminando,8.13,11,osrm,34
449,2850.0,58.0,2600,Caminando,12.16,15,osrm,31
450,2850.0,58.0,2600,Caminando,5.5,7,osrm,40
451,8675.0,440.0,2600,Caminando,4.93,7,osrm,35
452,4200.0,147.0,2600,Caminando,17.54,21,osrm,1
453,2500.0,47.0,2600,Caminando,7.22,10,osrm,82
454,2058.0,45.0,2600,Caminando,4.18,7,osrm,75
456,1000.0,40.0,2600,Caminando,13.88,19,osrm,42
457,2700.0,63.0,2600,Caminando,5.59,7,osrm,34
458,5200.0,120.0,2600,Caminando,10.08,14,osrm,49
459,2250.0,40.0,2600,Caminando,11.83,14,osrm,83
460,1600.0,78.0,2600,Caminando,5.49,8,osrm,95
461,2600.0,104.0,2600,Caminando,5.06,7,osrm,88
462,4032.0,60.0,2600,Caminando,8.23,11,osrm,43
463,2500.0,59.0,2600,Caminando,11.63,14,osrm,88
464,3700.0,62.0,2600,Caminando,8.26,11,osrm,33
465,3987.0,66.0,2600,Caminando,7.79,11,osrm,37
466,1500.0,60.0,2600,Caminando,13.71,18,osrm,43
467,1800.0,61.0,2600,Caminando,14.22,18,osrm,53
468,3100.0,80.0,2600,Caminando,11.93,14,osrm,33
469,3300.0,66.0,2600,Caminando,12.07,15,osrm,31
470,2600.0,80.0,2600,Caminando,5.21,8,osrm,85
471,2300.0,77.0,2600,Caminando,12.48,18,osrm,34
473,2100.0,56.0,2600,Caminando,8.83,12,osrm,85
474,3000.0,100.0,2600,Caminando,12.38,18,osrm,0
475,2700.0,70.0,2600,Caminando,4.78,7,osrm,46
476,2400.0,42.0,2600,Caminando,10.39,14,osrm,85
477,2700.0,49.0,2600,Caminando,7.34,10,osrm,45
478,8050.0,216.0,2600,Caminando,7.78,11,osrm,37
479,1900.0,43.0,2600,Caminando,4.65,6,osrm,82
480,4200.0,147.0,2600,Caminando,17.16,21,osrm,0
481,1900.0,43.0,2600,Caminando,6.06,8,osrm,88
482,4200.0,147.0,2600,Caminando,16.16,26,osrm,0
483,4000.0,45.0,2600,Caminando,7.33,10,osrm,38
487,2000.0,47.0,2600,Caminando,12.85,19,osrm,46
488,1850.0,44.0,2600,Caminando,12.33,17,osrm,48
489,9254.0,170.0,2600,Caminando,8.01,11,osrm,38
490,3000.0,69.0,2600,Caminando,14.58,18,osrm,4
491,3500.0,73.0,2600,Caminando,8.43,11,osrm,37
492,1900.0,45.0,2600,Caminando,13.25,19,osrm,37
493,2100.0,57.0,2600,Caminando,13.09,17,osrm,53
494,2300.0,45.0,2600,Caminando,7.79,11,osrm,80
495,7590.0,217.0,2600,Caminando,1229.6,1076,osrm,0
497,3150.0,84.0,2600,Caminando,1229.6,1076,osrm,0
498,6400.0,177.0,2600,Caminando,7.5,10,osrm,44
499,3000.0,108.0,2600,Caminando,5.2,8,osrm,34
504,4100.0,142.0,2600,Caminando,5.57,8,osrm,43
506,2400.0,50.0,2600,Caminando,7.91,11,osrm,85
507,1700.0,40.0,2600,Caminando,12.41,18,osrm,53
508,1600.0,50.0,2600,Caminando,8.64,11,osrm,79
509,3700.0,120.0,2600,Caminando,7.85,11,osrm,42
3,2750.0,60.0,3000,Auto,9.67,14,osrm,78
4,9000.0,1200.0,3000,Auto,5.22,10,osrm,53
5,4590.0,140.0,3000,Auto,8.78,14,osrm,49
6,2500.0,70.0,3000,Auto,12.04,20,osrm,67
7,1200.0,73.0,3000,Auto,22.64,29,osrm,64
8,3365.0,108.0,3000,Auto,23.2,29,osrm,24
9,1450.0,73.0,3000,Auto,12.11,20,osrm,64
10,3048.0,68.0,3000,Auto,1235.54,1084,osrm,0
11,3600.0,93.0,3000,Auto,1235.54,1084,osrm,2
12,5760.0,110.0,3000,Auto,1235.54,1084,osrm,0
13,2140.0,60.0,3000,Auto,14.47,20,osrm,46
14,2950.0,95.0,3000,Auto,1235.54,1084,osrm,41
15,2700.0,40.0,3000,Auto,1235.54,1084,osrm,23
16,2600.0,40.0,3000,Auto,15.09,19,osrm,36
17,2450.0,56.0,3000,Auto,10.28,15,osrm,81
18,4500.0,140.0,3000,Auto,1235.54,1084,osrm,2
20,8500.0,325.0,3000,Auto,9.31,14,osrm,50
22,3800.0,80.0,3000,Auto,10.77,15,osrm,45
23,2900.0,74.0,3000,Auto,1235.54,1084,osrm,34
24,3500.0,220.0,3000,Auto,36.63,44,osrm,19
25,2600.0,42.0,3000,Auto,15.27,19,osrm,49
26,3205.0,72.0,3000,Auto,1235.54,1084,osrm,0
27,4400.0,100.0,3000,Auto,1235.54,1084,osrm,0
28,2710.0,70.0,3000,Auto,14.74,19,osrm,65
29,2100.0,70.0,3000,Auto,18.59,24,osrm,68
30,8500.0,251.0,3000,Auto,17.98,23,osrm,17
31,6210.0,290.0,3000,Auto,17.89,23,osrm,8
32,2200.0,55.0,3000,Auto,1235.54,1084,osrm,16
33,2527.0,81.0,3000,Auto,1235.54,1084,osrm,43
34,5100.0,121.0,3000,Auto,1235.54,1084,osrm,0
35,3060.0,80.0,3000,Auto,1235.54,1084,osrm,4
36,4100.0,84.0,3000,Auto,1235.54,1084,osrm,0
37,3300.0,98.0,3000,Auto,1235.54,1084,osrm,0
38,2700.0,69.0,3000,Auto,8.9,14,osrm,90
39,2700.0,85.0,3000,Auto,9.13,14,osrm,95
40,2584.0,52.0,3000,Auto,14.96,21,osrm,46
41,8930.0,130.0,3000,Auto,1235.54,1084,osrm,0
42,3709.0,107.0,3000,Auto,1235.54,1084,osrm,3
44,3777.0,62.0,3000,Auto,13.47,20,osrm,8
46,2600.0,52.0,3000,Auto,9.27,14,osrm,86
47,4400.0,84.0,3000,Auto,1235.54,1084,osrm,0
48,6900.0,130.0,3000,Auto,1235.54,1084,osrm,3
49,2333.0,55.0,3000,Auto,15.57,19,osrm,34
50,4500.0,74.0,3000,Auto,1235.54,1084,osrm,0
51,5500.0,160.0,3000,Auto,1235.54,1084,osrm,0
52,1600.0,84.0,3000,Auto,22.22,27,osrm,71
53,3500.0,92.0,3000,Auto,1235.54,1084,osrm,0
54,4836.0,94.0,3000,Auto,14.78,19,osrm,14
56,3380.0,69.0,3000,Auto,1235.54,1084,osrm,2
58,8700.0,333.0,3000,Auto,1235.54,1084,osrm,0
59,3700.0,118.0,3000,Auto,1235.54,1084,osrm,0
60,3280.0,78.0,3000,Auto,1235.54,1084,osrm,1
61,2760.0,58.0,3000,Auto,1235.54,1084,osrm,23
62,4400.0,190.0,3000,Auto,1235.54,1084,osrm,4
63,4300.0,93.0,3000,Auto,1235.54,1084,osrm,0
64,3000.0,78.0,3000,Auto,1235.54,1084,osrm,36
65,2700.0,75.0,3000,Auto,9.27,14,osrm,90
66,4617.0,146.0,3000,Auto,14.5,19,osrm,9
67,3000.0,79.0,3000,Auto,13.29,20,osrm,62
68,2300.0,59.0,3000,Auto,9.93,15,osrm,86
69,2243.0,75.0,3000,Auto,1235.54,1084,osrm,48
70,3990.0,68.0,3000,Auto,1235.54,1084,osrm,3
71,3800.0,69.0,3000,Auto,1235.54,1084,osrm,0
72,2200.0,69.0,3000,Auto,10.27,15,osrm,93
73,3200.0,84.0,3000,Auto,1235.54,1084,osrm,0
75,3350.0,70.0,3000,Auto,1235.54,1084,osrm,3
77,5175.0,135.0,3000,Auto,1235.54,1084,osrm,3
78,5040.0,180.0,3000,Auto,1235.54,1084,osrm,0
79,2510.0,45.0,3000,Auto,15.46,21,osrm,46
80,9400.0,203.0,3000,Auto,1235.54,1084,osrm,0
81,3190.0,63.0,3000,Auto,1235.54,1084,osrm,1
82,3480.0,64.0,3000,Auto,1235.54,1084,osrm,3
83,2780.0,53.0,3000,Auto,1235.54,1084,osrm,28
84,2700.0,43.0,3000,Auto,15.03,20,osrm,47
85,3855.0,76.0,3000,Auto,1235.54,1084,osrm,0
87,6210.0,180.0,3000,Auto,1235.54,1084,osrm,0
88,2800.0,80.0,3000,Auto,1235.54,1084,osrm,40
89,4685.0,100.0,3000,Auto,1235.54,1084,osrm,0
90,2600.0,55.0,3000,Auto,10.01,15,osrm,91
91,6170.0,168.0,3000,Auto,1235.54,1084,osrm,0
92,4140.0,106.0,3000,Auto,1235.54,1084,osrm,0
93,3100.0,85.0,3000,Auto,13.61,21,osrm,21
94,3700.0,92.0,3000,Auto,1235.54,1084,osrm,0
95,7370.0,220.0,3000,Auto,5.56,9,osrm,46
97,9800.0,172.0,3000,Auto,1235.54,1084,osrm,0
98,2400.0,69.0,3000,Auto,1235.54,1084,osrm,44
99,3000.0,100.0,3000,Auto,10.7,16,osrm,62
100,4650.0,100.0,3000,Auto,15.38,22,osrm,23
101,8500.0,200.0,3000,Auto,1235.54,1084,osrm,0
103,5160.0,135.0,3000,Auto,1235.54,1084,osrm,0
104,5780.0,125.0,3000,Auto,14.78,18,osrm,23
105,3790.0,100.0,3000,Auto,1235.54,1084,osrm,1
106,2900.0,71.0,3000,Auto,9.09,14,osrm,89
107,6800.0,154.0,3000,Auto,1235.54,1084,osrm,0
108,4380.0,86.0,3000,Auto,1235.54,1084,osrm,0
109,2530.0,48.0,3000,Auto,10.18,15,osrm,91
110,2360.0,42.0,3000,Auto,15.09,20,osrm,46
112,2900.0,65.0,3000,Auto,1235.54,1084,osrm,37
113,2900.0,69.0,3000,Auto,13.38,20,osrm,56
114,2177.0,40.0,3000,Auto,15.64,21,osrm,46
115,9045.0,316.0,3000,Auto,1235.54,1084,osrm,0
116,2800.0,71.0,3000,Auto,8.86,14,osrm,94
117,3230.0,58.0,3000,Auto,15.94,22,osrm,0
118,7480.0,200.0,3000,Auto,1235.54,1084,osrm,0
122,2400.0,62.0,3000,Auto,12.38,21,osrm,52
123,3200.0,79.0,3000,Auto,12.88,19,osrm,10
124,7400.0,208.0,3000,Auto,10.95,17,osrm,20
125,1700.0,70.0,3000,Auto,12.33,18,osrm,70
126,2600.0,70.0,3000,Auto,12.44,18,osrm,62
127,3777.0,62.0,3000,Auto,10.7,16,osrm,23
128,2057.0,52.0,3000,Auto,10.46,15,osrm,81
129,3000.0,98.0,3000,Auto,12.71,18,osrm,56
130,2200.0,76.0,3000,Auto,12.62,18,osrm,54
131,900.0,54.0,3000,Auto,15.05,26,osrm,58
132,3100.0,64.0,3000,Auto,9.97,16,osrm,23
133,2200.0,55.0,3000,Auto,15.29,22,osrm,46
134,1800.0,61.0,3000,Auto,30.69,40,osrm,64
135,3100.0,67.0,3000,Auto,10.1,15,osrm,61
136,3100.0,63.0,3000,Auto,10.51,16,osrm,10
137,1300.0,31.0,3000,Auto,12.53,19,osrm,42
138,3000.0,114.0,3000,Auto,9.25,15,osrm,98
139,2350.0,60.0,3000,Auto,12.67,18,osrm,42
140,2750.0,46.0,3000,Auto,10.36,15,osrm,75
141,3550.0,124.0,3000,Auto,11.56,15,osrm,51
142,7480.0,300.0,3000,Auto,7.14,12,osrm,63
143,3850.0,60.0,3000,Auto,11.36,17,osrm,2
144,4000.0,100.0,3000,Auto,1235.54,1084,osrm,0
145,4450.0,150.0,3000,Auto,8.97,14,osrm,51
146,7000.0,265.0,3000,Auto,10.43,16,osrm,12
147,2400.0,82.0,3000,Auto,14.29,22,osrm,54
149,3850.0,45.0,3000,Auto,9.72,14,osrm,41
150,4500.0,60.0,3000,Auto,10.69,16,osrm,9
151,999.0,18.0,3000,Auto,10.37,17,osrm,46
152,1200.0,60.0,3000,Auto,21.91,27,osrm,42
153,2450.0,70.0,3000,Auto,15.29,23,osrm,58
154,1850.0,74.0,3000,Auto,14.97,23,osrm,54
155,1700.0,41.0,3000,Auto,14.88,22,osrm,44
156,2800.0,60.0,3000,Auto,10.68,16,osrm,44
157,2500.0,48.0,3000,Auto,10.09,15,osrm,81
158,2300.0,40.0,3000,Auto,10.37,15,osrm,85
159,3852.0,130.0,3000,Auto,8.74,14,osrm,60
160,2750.0,45.0,3000,Auto,10.72,17,osrm,35
161,2650.0,60.0,3000,Auto,10.29,15,osrm,86
162,3500.0,60.0,3000,Auto,10.41,15,osrm,39
163,4300.0,210.0,3000,Auto,8.93,14,osrm,64
164,3325.0,46.0,3000,Auto,10.39,15,osrm,33
165,4200.0,86.0,3000,Auto,10.95,17,osrm,5
166,9760.0,300.0,3000,Auto,10.33,15,osrm,62
167,5650.0,216.0,3000,Auto,10.36,15,osrm,54
168,6960.0,172.0,3000,Auto,6.72,11,osrm,48
171,3660.0,73.0,3000,Auto,10.63,16,osrm,15
172,2800.0,67.0,3000,Auto,10.33,15,osrm,89
173,2700.0,66.0,3000,Auto,12.16,17,osrm,65
174,2098.0,60.0,3000,Auto,14.91,22,osrm,50
175,6840.0,275.0,3000,Auto,9.83,17,osrm,15
176,3750.0,117.0,3000,Auto,10.53,16,osrm,16
177,2300.0,61.0,3000,Auto,12.66,18,osrm,51
178,2700.0,45.0,3000,Auto,11.37,17,osrm,37
180,2800.0,89.0,3000,Auto,12.51,18,osrm,64
181,3400.0,81.0,3000,Auto,10.7,16,osrm,23
183,6840.0,198.0,3000,Auto,11.18,17,osrm,24
184,8500.0,262.0,3000,Auto,9.66,16,osrm,22
185,2590.0,42.0,3000,Auto,10.7,16,osrm,33
186,2200.0,56.0,3000,Auto,14.75,22,osrm,36
188,3400.0,60.0,3000,Auto,10.21,15,osrm,35
190,2500.0,45.0,3000,Auto,10.17,15,osrm,81
192,6420.0,205.0,3000,Auto,9.12,15,osrm,51
193,3230.0,62.0,3000,Auto,10.43,16,osrm,14
195,5100.0,150.0,3000,Auto,9.51,14,osrm,49
196,3905.0,143.0,3000,Auto,14.0,22,osrm,22
197,2200.0,120.0,3000,Auto,11.09,15,osrm,99
199,2800.0,96.0,3000,Auto,10.9,15,osrm,90
200,2650.0,80.0,3000,Auto,9.34,14,osrm,99
201,4930.0,123.0,3000,Auto,1235.54,1084,osrm,0
202,2900.0,95.0,3000,Auto,10.22,15,osrm,100
203,2950.0,46.0,3000,Auto,10.68,16,osrm,31
204,4590.0,100.0,3000,Auto,9.28,14,osrm,60
205,2500.0,85.0,3000,Auto,10.05,16,osrm,62
207,3000.0,78.0,3000,Auto,1235.54,1084,osrm,35
208,4446.0,117.0,3000,Auto,9.89,14,osrm,57
209,5568.0,131.0,3000,Auto,10.18,15,osrm,45
210,5500.0,200.0,3000,Auto,27.62,33,osrm,14
211,3800.0,80.0,3000,Auto,20.7,30,osrm,10
212,3910.0,100.0,3000,Auto,8.83,14,osrm,51
213,4389.0,120.0,3000,Auto,1235.54,1084,osrm,0
214,3200.0,73.0,3000,Auto,8.41,13,osrm,52
215,2700.0,130.0,3000,Auto,8.54,13,osrm,90
216,3600.0,63.0,3000,Auto,10.16,15,osrm,65
218,3481.0,127.0,3000,Auto,7.59,12,osrm,51
219,4050.0,120.0,3000,Auto,10.5,15,osrm,55
220,2300.0,84.0,3000,Auto,6.99,11,osrm,97
221,6300.0,280.0,3000,Auto,10.78,16,osrm,6
222,8625.0,161.0,3000,Auto,10.59,16,osrm,8
223,4650.0,92.0,3000,Auto,10.09,16,osrm,10
224,4150.0,115.0,3000,Auto,10.17,17,osrm,16
225,8510.0,280.0,3000,Auto,11.47,15,osrm,57
227,6000.0,143.0,3000,Auto,10.44,16,osrm,8
228,3276.0,130.0,3000,Auto,9.04,15,osrm,63
230,9716.0,405.0,3000,Auto,9.52,16,osrm,21
231,3500.0,131.0,3000,Auto,6.5,11,osrm,54
232,3000.0,100.0,3000,Auto,10.25,17,osrm,61
233,2000.0,84.0,3000,Auto,15.53,23,osrm,63
234,1750.0,40.0,3000,Auto,5.01,9,osrm,98
235,2200.0,42.0,3000,Auto,15.84,22,osrm,52
236,1800.0,48.0,3000,Auto,12.4,21,osrm,51
237,3100.0,120.0,3000,Auto,1235.54,1084,osrm,3
238,8500.0,180.0,3000,Auto,1235.54,1084,osrm,0
239,3502.0,81.0,3000,Auto,10.44,16,osrm,19
241,3000.0,60.0,3000,Auto,1235.54,1084,osrm,11
242,4342.0,110.0,3000,Auto,1235.54,1084,osrm,0
244,4500.0,2500.0,3000,Auto,14.44,19,osrm,18
245,1250.0,38.0,3000,Auto,7.73,12,osrm,100
246,3430.0,60.0,3000,Auto,1235.54,1084,osrm,0
248,2200.0,70.0,3000,Auto,15.39,23,osrm,64
249,1500.0,153.0,3000,Auto,27.5,36,osrm,60
250,4500.0,2000.0,3000,Auto,4.48,8,osrm,64
251,5900.0,5000.0,3000,Auto,18.99,29,osrm,6
252,3900.0,1012.0,3000,Auto,31.01,39,osrm,19
253,3000.0,1012.0,3000,Auto,18.99,29,osrm,48
254,2200.0,1012.0,3000,Auto,9.66,14,osrm,95
255,6300.0,5000.0,3000,Auto,19.86,25,osrm,7
256,2900.0,3000.0,3000,Auto,24.06,39,osrm,51
257,1500.0,65.0,3000,Auto,12.43,21,osrm,63
258,1800.0,72.0,3000,Auto,15.36,21,osrm,63
259,2300.0,60.0,3000,Auto,15.27,23,osrm,35
260,2600.0,61.0,3000,Auto,1235.54,1084,osrm,33
261,5250.0,110.0,3000,Auto,16.15,22,osrm,21
262,1980.0,41.0,3000,Auto,15.13,20,osrm,38
263,3200.0,105.0,3000,Auto,10.32,16,osrm,12
264,4100.0,120.0,3000,Auto,1235.54,1084,osrm,0
265,4718.0,120.0,3000,Auto,1235.54,1084,osrm,0
266,4250.0,73.0,3000,Auto,1235.54,1084,osrm,5
267,2950.0,64.0,3000,Auto,15.51,22,osrm,51
268,3000.0,75.0,3000,Auto,9.44,14,osrm,92
269,3450.0,80.0,3000,Auto,1235.54,1084,osrm,0
270,2500.0,43.0,3000,Auto,14.76,21,osrm,50
271,2800.0,60.0,3000,Auto,13.63,20,osrm,44
272,4800.0,145.0,3000,Auto,1235.54,1084,osrm,0
273,3450.0,91.0,3000,Auto,1235.54,1084,osrm,0
274,2800.0,89.0,3000,Auto,15.8,21,osrm,52
275,2300.0,72.0,3000,Auto,1235.54,1084,osrm,31
276,2500.0,75.0,3000,Auto,10.08,15,osrm,100
277,1750.0,90.0,3000,Auto,9.17,14,osrm,100
278,3260.0,64.0,3000,Auto,1235.54,1084,osrm,0
279,4040.0,104.0,3000,Auto,1235.54,1084,osrm,0
280,4875.0,115.0,3000,Auto,1235.54,1084,osrm,0
281,4100.0,95.0,3000,Auto,1235.54,1084,osrm,5
282,3000.0,120.0,3000,Auto,7.14,16,osrm,48
283,3259.0,87.0,3000,Auto,1235.54,1084,osrm,3
284,2932.0,70.0,3000,Auto,13.73,21,osrm,50
285,1800.0,75.0,3000,Auto,9.13,14,osrm,100
286,1350.0,55.0,3000,Auto,19.02,28,osrm,45
287,2700.0,70.0,3000,Auto,1235.54,1084,osrm,35
288,4381.0,130.0,3000,Auto,13.64,21,osrm,20
289,3880.0,120.0,3000,Auto,14.11,19,osrm,5
290,2970.0,55.0,3000,Auto,1235.54,1084,osrm,23
291,4300.0,90.0,3000,Auto,1235.54,1084,osrm,0
292,2150.0,0.0,3000,Auto,9.65,14,osrm,94
293,4100.0,130.0,3000,Auto,1235.54,1084,osrm,0
294,2990.0,75.0,3000,Auto,10.22,15,osrm,96
295,2100.0,90.0,3000,Auto,13.73,20,osrm,52
296,2500.0,90.0,3000,Auto,9.87,15,osrm,100
297,7610.0,147.0,3000,Auto,1235.54,1084,osrm,0
298,2300.0,47.0,3000,Auto,10.17,15,osrm,83
299,3500.0,86.0,3000,Auto,9.35,14,osrm,57
300,2659.0,52.0,3000,Auto,1235.54,1084,osrm,16
301,2300.0,70.0,3000,Auto,9.08,14,osrm,100
302,3538.0,70.0,3000,Auto,1235.54,1084,osrm,0
303,4300.0,62.0,3000,Auto,1235.54,1084,osrm,0
304,2639.0,52.0,3000,Auto,1235.54,1084,osrm,17
305,3240.0,61.0,3000,Auto,1235.54,1084,osrm,0
306,2350.0,46.0,3000,Auto,13.47,21,osrm,46
307,4450.0,130.0,3000,Auto,1235.54,1084,osrm,0
308,5527.0,200.0,3000,Auto,1235.54,1084,osrm,4
309,2500.0,51.0,3000,Auto,14.75,18,osrm,43
310,4200.0,77.0,3000,Auto,1235.54,1084,osrm,0
311,2000.0,60.0,3000,Auto,9.81,16,osrm,40
312,4800.0,120.0,3000,Auto,15.19,20,osrm,21
313,2300.0,60.0,3000,Auto,16.03,22,osrm,47
314,3690.0,80.0,3000,Auto,1235.54,1084,osrm,0
315,2271.0,42.0,3000,Auto,15.52,19,osrm,41
316,2900.0,70.0,3000,Auto,1235.54,1084,osrm,45
317,2999.0,75.0,3000,Auto,9.44,14,osrm,90
318,1850.0,45.0,3000,Auto,14.84,19,osrm,50
319,3400.0,75.0,3000,Auto,9.52,14,osrm,59
320,2400.0,64.0,3000,Auto,14.63,20,osrm,50
321,2000.0,60.0,3000,Auto,14.77,20,osrm,44
322,3500.0,88.0,3000,Auto,1235.54,1084,osrm,1
323,3500.0,88.0,3000,Auto,15.8,21,osrm,22
324,2300.0,52.0,3000,Auto,9.09,13,osrm,84
325,4250.0,100.0,3000,Auto,1235.54,1084,osrm,4
326,3700.0,76.0,3000,Auto,1235.54,1084,osrm,0
327,2450.0,70.0,3000,Auto,17.63,23,osrm,58
328,4650.0,100.0,3000,Auto,1235.54,1084,osrm,0
329,2400.0,47.0,3000,Auto,15.4,22,osrm,46
330,2400.0,50.0,3000,Auto,13.51,20,osrm,38
332,2200.0,43.0,3000,Auto,15.6,21,osrm,48
333,3150.0,98.0,3000,Auto,1235.54,1084,osrm,0
334,3258.0,100.0,3000,Auto,1235.54,1084,osrm,5
335,3500.0,97.0,3000,Auto,1235.54,1084,osrm,0
336,6174.0,140.0,3000,Auto,1235.54,1084,osrm,0
337,2776.0,41.0,3000,Auto,1235.54,1084,osrm,27
338,4300.0,128.0,3000,Auto,1235.54,1084,osrm,0
339,1500.0,120.0,3000,Auto,23.09,28,osrm,64
340,2770.0,55.0,3000,Auto,1235.54,1084,osrm,21
341,2550.0,40.0,3000,Auto,15.26,22,osrm,51
342,2890.0,60.0,3000,Auto,1235.54,1084,osrm,12
343,3500.0,84.0,3000,Auto,1235.54,1084,osrm,0
344,2420.0,60.0,3000,Auto,1235.54,1084,osrm,28
345,3700.0,80.0,3000,Auto,8.7,13,osrm,53
346,5175.0,120.0,3000,Auto,1235.54,1084,osrm,2
347,1700.0,60.0,3000,Auto,10.21,15,osrm,79
348,1700.0,60.0,3000,Auto,10.06,15,osrm,93
349,8000.0,305.0,3000,Auto,1235.54,1084,osrm,0
350,3500.0,74.0,3000,Auto,15.03,21,osrm,16
351,2300.0,70.0,3000,Auto,15.31,22,osrm,57
353,2300.0,60.0,3000,Auto,15.05,20,osrm,52
354,2500.0,78.0,3000,Auto,1235.54,1084,osrm,34
355,5190.0,140.0,3000,Auto,15.19,19,osrm,6
356,2933.0,110.0,3000,Auto,1235.54,1084,osrm,42
357,3400.0,90.0,3000,Auto,15.07,21,osrm,23
358,2500.0,49.0,3000,Auto,9.51,15,osrm,75
359,2750.0,61.0,3000,Auto,13.38,20,osrm,47
360,5160.0,102.0,3000,Auto,1235.54,1084,osrm,0
361,2900.0,52.0,3000,Auto,1235.54,1084,osrm,18
362,2250.0,65.0,3000,Auto,1235.54,1084,osrm,42
364,2900.0,60.0,3000,Auto,1235.54,1084,osrm,23
365,3100.0,65.0,3000,Auto,8.3,14,osrm,65
366,2400.0,55.0,3000,Auto,9.3,14,osrm,93
367,3800.0,64.0,3000,Auto,15.24,19,osrm,11
368,4140.0,86.0,3000,Auto,1235.54,1084,osrm,0
369,2800.0,61.0,3000,Auto,14.89,20,osrm,47
370,3500.0,81.0,3000,Auto,1235.54,1084,osrm,0
371,2000.0,78.0,3000,Auto,13.43,20,osrm,53
372,4020.0,103.0,3000,Auto,1235.54,1084,osrm,0
373,6120.0,135.0,3000,Auto,1235.54,1084,osrm,0
375,3315.0,70.0,3000,Auto,14.16,22,osrm,6
376,2200.0,48.0,3000,Auto,17.17,22,osrm,36
377,2600.0,60.0,3000,Auto,15.05,20,osrm,36
378,3600.0,87.0,3000,Auto,1235.54,1084,osrm,0
379,2700.0,70.0,3000,Auto,1235.54,1084,osrm,28
380,7550.0,200.0,3000,Auto,1235.54,1084,osrm,2
381,3500.0,138.0,3000,Auto,1235.54,1084,osrm,0
382,8395.0,200.0,3000,Auto,1235.54,1084,osrm,0
383,2970.0,73.0,3000,Auto,9.25,14,osrm,87
384,3000.0,92.0,3000,Auto,13.24,20,osrm,48
385,2620.0,80.0,3000,Auto,15.2,22,osrm,66
387,2250.0,42.0,3000,Auto,15.73,21,osrm,50
388,2898.0,70.0,3000,Auto,6.32,11,osrm,96
389,9000.0,130.0,3000,Auto,1235.54,1084,osrm,4
390,2300.0,93.0,3000,Auto,8.85,14,osrm,100
391,2500.0,79.0,3000,Auto,9.09,15,osrm,91
392,9436.0,233.0,3000,Auto,15.46,22,osrm,6
394,2400.0,52.0,3000,Auto,1235.54,1084,osrm,32
397,2900.0,55.0,3000,Auto,1235.54,1084,osrm,22
398,4020.0,131.0,3000,Auto,15.21,20,osrm,17
400,3000.0,75.0,3000,Auto,1235.54,1084,osrm,28
401,2900.0,80.0,3000,Auto,1235.54,1084,osrm,41
402,6800.0,182.0,3000,Auto,1235.54,1084,osrm,0
403,8027.0,207.0,3000,Auto,15.13,20,osrm,19
405,4500.0,2500.0,3000,Auto,19.47,30,osrm,11
406,3050.0,52.0,3000,Auto,1235.54,1084,osrm,0
407,2600.0,48.0,3000,Auto,1235.54,1084,osrm,17
408,3385.0,65.0,3000,Auto,1235.54,1084,osrm,0
409,2995.0,75.0,3000,Auto,1235.54,1084,osrm,39
410,7875.0,160.0,3000,Auto,10.24,17,osrm,11
411,2600.0,90.0,3000,Auto,13.54,20,osrm,67
412,3780.0,60.0,3000,Auto,10.17,15,osrm,37
414,1790.0,74.0,3000,Auto,8.96,14,osrm,98
415,5075.0,154.0,3000,Auto,10.67,16,osrm,18
416,6120.0,100.0,3000,Auto,10.67,16,osrm,16
417,2950.0,85.0,3000,Auto,12.54,19,osrm,64
418,3200.0,121.0,3000,Auto,10.36,16,osrm,11
419,7200.0,388.0,3000,Auto,10.59,16,osrm,14
420,3360.0,50.0,3000,Auto,10.85,16,osrm,0
421,3500.0,160.0,3000,Auto,1235.54,1084,osrm,0
422,3400.0,80.0,3000,Auto,11.84,17,osrm,18
423,2700.0,63.0,3000,Auto,12.64,18,osrm,65
424,1700.0,70.0,3000,Auto,18.25,23,osrm,70
425,3500.0,97.0,3000,Auto,10.49,16,osrm,10
426,3450.0,144.0,3000,Auto,22.01,28,osrm,15
427,1850.0,41.0,3000,Auto,10.62,16,osrm,48
428,4231.0,62.0,3000,Auto,10.59,16,osrm,23
429,2600.0,45.0,3000,Auto,10.37,16,osrm,34
430,2950.0,140.0,3000,Auto,15.5,23,osrm,62
431,2500.0,89.0,3000,Auto,15.41,23,osrm,62
432,2600.0,118.0,3000,Auto,8.96,15,osrm,89
433,2500.0,102.0,3000,Auto,9.52,15,osrm,100
434,5250.0,63.0,3000,Auto,10.82,16,osrm,20
435,2200.0,46.0,3000,Auto,10.82,16,osrm,52
436,3000.0,84.0,3000,Auto,12.03,17,osrm,48
437,3750.0,100.0,3000,Auto,7.05,11,osrm,51
438,3350.0,135.0,3000,Auto,14.83,22,osrm,23
439,7980.0,151.0,3000,Auto,9.93,14,osrm,46
440,3150.0,93.0,3000,Auto,13.08,20,osrm,13
442,2500.0,110.0,3000,Auto,14.73,22,osrm,55
443,2933.0,63.0,3000,Auto,10.56,16,osrm,62
444,1600.0,68.0,3000,Auto,3.13,7,osrm,100
445,2100.0,65.0,3000,Auto,13.26,19,osrm,67
446,2700.0,45.0,3000,Auto,9.72,14,osrm,78
447,2750.0,80.0,3000,Auto,22.26,29,osrm,57
448,2700.0,43.0,3000,Auto,10.72,16,osrm,47
449,2850.0,58.0,3000,Auto,12.98,19,osrm,35
450,2850.0,58.0,3000,Auto,8.87,14,osrm,86
451,8675.0,440.0,3000,Auto,9.13,15,osrm,52
452,4200.0,147.0,3000,Auto,6.67,11,osrm,57
453,2500.0,47.0,3000,Auto,10.04,15,osrm,88
454,2058.0,45.0,3000,Auto,17.7,21,osrm,51
456,1000.0,40.0,3000,Auto,15.66,23,osrm,52
457,2700.0,63.0,3000,Auto,8.57,13,osrm,99
458,5200.0,120.0,3000,Auto,12.55,18,osrm,8
459,2250.0,40.0,3000,Auto,12.65,18,osrm,45
460,1600.0,78.0,3000,Auto,9.39,15,osrm,100
461,2600.0,104.0,3000,Auto,10.18,17,osrm,50
462,4032.0,60.0,3000,Auto,10.65,16,osrm,7
463,2500.0,59.0,3000,Auto,12.45,18,osrm,42
464,3700.0,62.0,3000,Auto,10.85,16,osrm,7
465,3987.0,66.0,3000,Auto,9.95,15,osrm,53
466,1500.0,60.0,3000,Auto,15.49,23,osrm,49
467,1800.0,61.0,3000,Auto,15.53,23,osrm,57
468,3100.0,80.0,3000,Auto,12.75,18,osrm,11
469,3300.0,66.0,3000,Auto,12.89,19,osrm,6
470,2600.0,80.0,3000,Auto,8.9,15,osrm,100
471,2300.0,77.0,3000,Auto,14.32,22,osrm,54
473,2100.0,56.0,3000,Auto,10.52,16,osrm,38
474,3000.0,100.0,3000,Auto,14.22,22,osrm,51
475,2700.0,70.0,3000,Auto,9.77,16,osrm,66
476,2400.0,42.0,3000,Auto,12.94,20,osrm,39
477,2700.0,49.0,3000,Auto,10.16,15,osrm,84
478,8050.0,216.0,3000,Auto,10.24,15,osrm,47
479,1900.0,43.0,3000,Auto,9.51,15,osrm,81
480,4200.0,147.0,3000,Auto,6.29,11,osrm,65
481,1900.0,43.0,3000,Auto,8.7,13,osrm,78
482,4200.0,147.0,3000,Auto,7.15,16,osrm,11
483,4000.0,45.0,3000,Auto,10.16,15,osrm,31
487,2000.0,47.0,3000,Auto,14.7,22,osrm,54
488,1850.0,44.0,3000,Auto,14.17,21,osrm,43
489,9254.0,170.0,3000,Auto,10.84,16,osrm,6
490,3000.0,69.0,3000,Auto,16.12,24,osrm,62
491,3500.0,73.0,3000,Auto,10.12,15,osrm,57
492,1900.0,45.0,3000,Auto,15.09,23,osrm,56
493,2100.0,57.0,3000,Auto,13.91,21,osrm,52
494,2300.0,45.0,3000,Auto,10.61,16,osrm,38
495,7590.0,217.0,3000,Auto,1235.54,1084,osrm,0
497,3150.0,84.0,3000,Auto,1235.54,1084,osrm,5
498,6400.0,177.0,3000,Auto,10.32,16,osrm,17
499,3000.0,108.0,3000,Auto,9.48,16,osrm,46
504,4100.0,142.0,3000,Auto,9.22,15,osrm,49
506,2400.0,50.0,3000,Auto,10.31,15,osrm,84
507,1700.0,40.0,3000,Auto,14.25,22,osrm,45
508,1600.0,50.0,3000,Auto,7.02,11,osrm,95
509,3700.0,120.0,3000,Auto,10.44,16,osrm,19
3,2750.0,60.0,1400,Auto,2.15,5,osrm,36
4,9000.0,1200.0,1400,Auto,12.53,18,osrm,6
5,4590.0,140.0,1400,Auto,10.33,16,osrm,1
6,2500.0,70.0,1400,Auto,4.82,10,osrm,39
7,1200.0,73.0,1400,Auto,12.75,19,osrm,36
8,3365.0,108.0,1400,Auto,14.48,22,osrm,0
9,1450.0,73.0,1400,Auto,4.77,10,osrm,38
10,3048.0,68.0,1400,Auto,1237.06,1086,osrm,0
11,3600.0,93.0,1400,Auto,1237.06,1086,osrm,0
12,5760.0,110.0,1400,Auto,1237.06,1086,osrm,0
13,2140.0,60.0,1400,Auto,9.83,14,osrm,39
14,2950.0,95.0,1400,Auto,1237.06,1086,osrm,0
15,2700.0,40.0,1400,Auto,1237.06,1086,osrm,0
16,2600.0,40.0,1400,Auto,10.45,13,osrm,41
17,2450.0,56.0,1400,Auto,0.91,3,osrm,36
18,4500.0,140.0,1400,Auto,1237.06,1086,osrm,0
20,8500.0,325.0,1400,Auto,6.89,10,osrm,36
22,3800.0,80.0,1400,Auto,6.13,9,osrm,42
23,2900.0,74.0,1400,Auto,1237.06,1086,osrm,0
24,3500.0,220.0,1400,Auto,27.9,37,osrm,0
25,2600.0,42.0,1400,Auto,10.64,13,osrm,34
26,3205.0,72.0,1400,Auto,1237.06,1086,osrm,0
27,4400.0,100.0,1400,Auto,1237.06,1086,osrm,0
28,2710.0,70.0,1400,Auto,10.1,14,osrm,49
29,2100.0,70.0,1400,Auto,13.29,19,osrm,3
30,8500.0,251.0,1400,Auto,12.68,17,osrm,0
31,6210.0,290.0,1400,Auto,14.89,21,osrm,1
32,2200.0,55.0,1400,Auto,1237.06,1086,osrm,0
33,2527.0,81.0,1400,Auto,1237.06,1086,osrm,0
34,5100.0,121.0,1400,Auto,1237.06,1086,osrm,0
35,3060.0,80.0,1400,Auto,1237.06,1086,osrm,0
36,4100.0,84.0,1400,Auto,1237.06,1086,osrm,0
37,3300.0,98.0,1400,Auto,1237.06,1086,osrm,0
38,2700.0,69.0,1400,Auto,5.99,10,osrm,48
39,2700.0,85.0,1400,Auto,6.42,11,osrm,39
40,2584.0,52.0,1400,Auto,10.32,15,osrm,40
41,8930.0,130.0,1400,Auto,1237.06,1086,osrm,0
42,3709.0,107.0,1400,Auto,1237.06,1086,osrm,0
44,3777.0,62.0,1400,Auto,4.08,8,osrm,49
46,2600.0,52.0,1400,Auto,5.71,9,osrm,33
47,4400.0,84.0,1400,Auto,1237.06,1086,osrm,0
48,6900.0,130.0,1400,Auto,1237.06,1086,osrm,0
49,2333.0,55.0,1400,Auto,10.93,14,osrm,35
50,4500.0,74.0,1400,Auto,1237.06,1086,osrm,0
51,5500.0,160.0,1400,Auto,1237.06,1086,osrm,0
52,1600.0,84.0,1400,Auto,13.5,20,osrm,8
53,3500.0,92.0,1400,Auto,1237.06,1086,osrm,0
54,4836.0,94.0,1400,Auto,10.15,13,osrm,32
56,3380.0,69.0,1400,Auto,1237.06,1086,osrm,0
58,8700.0,333.0,1400,Auto,1237.06,1086,osrm,0
59,3700.0,118.0,1400,Auto,1237.06,1086,osrm,0
60,3280.0,78.0,1400,Auto,1237.06,1086,osrm,0
61,2760.0,58.0,1400,Auto,1237.06,1086,osrm,0
62,4400.0,190.0,1400,Auto,1237.06,1086,osrm,0
63,4300.0,93.0,1400,Auto,1237.06,1086,osrm,0
64,3000.0,78.0,1400,Auto,1237.06,1086,osrm,0
65,2700.0,75.0,1400,Auto,1.98,5,osrm,30
66,4617.0,146.0,1400,Auto,9.86,13,osrm,35
67,3000.0,79.0,1400,Auto,4.54,9,osrm,46
68,2300.0,59.0,1400,Auto,1.31,3,osrm,35
69,2243.0,75.0,1400,Auto,1237.06,1086,osrm,0
70,3990.0,68.0,1400,Auto,1237.06,1086,osrm,0
71,3800.0,69.0,1400,Auto,1237.06,1086,osrm,0
72,2200.0,69.0,1400,Auto,0.9,3,osrm,36
73,3200.0,84.0,1400,Auto,1237.06,1086,osrm,0
75,3350.0,70.0,1400,Auto,1237.06,1086,osrm,0
77,5175.0,135.0,1400,Auto,1237.06,1086,osrm,0
78,5040.0,180.0,1400,Auto,1237.06,1086,osrm,0
79,2510.0,45.0,1400,Auto,10.83,15,osrm,47
80,9400.0,203.0,1400,Auto,1237.06,1086,osrm,0
81,3190.0,63.0,1400,Auto,1237.06,1086,osrm,0
82,3480.0,64.0,1400,Auto,1237.06,1086,osrm,0
83,2780.0,53.0,1400,Auto,1237.06,1086,osrm,0
84,2700.0,43.0,1400,Auto,10.39,14,osrm,46
85,3855.0,76.0,1400,Auto,1237.06,1086,osrm,0
87,6210.0,180.0,1400,Auto,1237.06,1086,osrm,0
88,2800.0,80.0,1400,Auto,1237.06,1086,osrm,0
89,4685.0,100.0,1400,Auto,1237.06,1086,osrm,0
90,2600.0,55.0,1400,Auto,1.22,3,osrm,31
91,6170.0,168.0,1400,Auto,1237.06,1086,osrm,0
92,4140.0,106.0,1400,Auto,1237.06,1086,osrm,0
93,3100.0,85.0,1400,Auto,4.95,10,osrm,34
94,3700.0,92.0,1400,Auto,1237.06,1086,osrm,0
95,7370.0,220.0,1400,Auto,13.36,18,osrm,4
97,9800.0,172.0,1400,Auto,1237.06,1086,osrm,0
98,2400.0,69.0,1400,Auto,1237.06,1086,osrm,0
99,3000.0,100.0,1400,Auto,0.85,3,osrm,40
100,4650.0,100.0,1400,Auto,10.74,16,osrm,9
101,8500.0,200.0,1400,Auto,1237.06,1086,osrm,0
103,5160.0,135.0,1400,Auto,1237.06,1086,osrm,0
104,5780.0,125.0,1400,Auto,10.14,13,osrm,37
105,3790.0,100.0,1400,Auto,1237.06,1086,osrm,0
106,2900.0,71.0,1400,Auto,2.16,5,osrm,38
107,6800.0,154.0,1400,Auto,1237.06,1086,osrm,0
108,4380.0,86.0,1400,Auto,1237.06,1086,osrm,0
109,2530.0,48.0,1400,Auto,1.06,3,osrm,33
110,2360.0,42.0,1400,Auto,10.46,15,osrm,36
112,2900.0,65.0,1400,Auto,1237.06,1086,osrm,0
113,2900.0,69.0,1400,Auto,4.29,9,osrm,47
114,2177.0,40.0,1400,Auto,11.0,16,osrm,1
115,9045.0,316.0,1400,Auto,1237.06,1086,osrm,0
116,2800.0,71.0,1400,Auto,5.77,10,osrm,39
117,3230.0,58.0,1400,Auto,11.31,16,osrm,2
118,7480.0,200.0,1400,Auto,1237.06,1086,osrm,0
122,2400.0,62.0,1400,Auto,5.04,10,osrm,33
123,3200.0,79.0,1400,Auto,2.23,5,osrm,36
124,7400.0,208.0,1400,Auto,3.43,7,osrm,38
125,1700.0,70.0,1400,Auto,2.43,6,osrm,46
126,2600.0,70.0,1400,Auto,1.9,5,osrm,43
127,3777.0,62.0,1400,Auto,3.02,7,osrm,31
128,2057.0,52.0,1400,Auto,2.94,6,osrm,34
129,3000.0,98.0,1400,Auto,2.27,5,osrm,41
130,2200.0,76.0,1400,Auto,2.03,5,osrm,34
131,900.0,54.0,1400,Auto,15.32,28,osrm,44
132,3100.0,64.0,1400,Auto,10.38,16,osrm,0
133,2200.0,55.0,1400,Auto,6.55,11,osrm,30
134,1800.0,61.0,1400,Auto,21.96,33,osrm,8
135,3100.0,67.0,1400,Auto,2.38,6,osrm,38
136,3100.0,63.0,1400,Auto,2.9,6,osrm,33
137,1300.0,31.0,1400,Auto,1.99,5,osrm,73
138,3000.0,114.0,1400,Auto,10.34,17,osrm,3
139,2350.0,60.0,1400,Auto,2.45,6,osrm,50
140,2750.0,46.0,1400,Auto,2.75,6,osrm,46
141,3550.0,124.0,1400,Auto,11.35,18,osrm,0
142,7480.0,300.0,1400,Auto,7.52,12,osrm,46
143,3850.0,60.0,1400,Auto,4.09,8,osrm,42
144,4000.0,100.0,1400,Auto,1237.06,1086,osrm,0
145,4450.0,150.0,1400,Auto,10.47,16,osrm,0
146,7000.0,265.0,1400,Auto,2.58,6,osrm,50
147,2400.0,82.0,1400,Auto,4.07,9,osrm,40
149,3850.0,45.0,1400,Auto,1.97,5,osrm,50
150,4500.0,60.0,1400,Auto,3.17,7,osrm,41
151,999.0,18.0,1400,Auto,10.28,16,osrm,45
152,1200.0,60.0,1400,Auto,13.19,20,osrm,50
153,2450.0,70.0,1400,Auto,5.38,10,osrm,48
154,1850.0,74.0,1400,Auto,4.41,9,osrm,46
155,1700.0,41.0,1400,Auto,6.14,11,osrm,36
156,2800.0,60.0,1400,Auto,2.84,6,osrm,38
157,2500.0,48.0,1400,Auto,2.57,6,osrm,44
158,2300.0,40.0,1400,Auto,2.85,6,osrm,45
159,3852.0,130.0,1400,Auto,10.57,17,osrm,7
160,2750.0,45.0,1400,Auto,2.7,7,osrm,45
161,2650.0,60.0,1400,Auto,2.62,6,osrm,49
162,3500.0,60.0,1400,Auto,2.08,5,osrm,48
163,4300.0,210.0,1400,Auto,10.43,16,osrm,10
164,3325.0,46.0,1400,Auto,2.79,6,osrm,40
165,4200.0,86.0,1400,Auto,3.22,7,osrm,46
166,9760.0,300.0,1400,Auto,2.81,6,osrm,49
167,5650.0,216.0,1400,Auto,2.02,5,osrm,38
168,6960.0,172.0,1400,Auto,6.82,11,osrm,41
171,3660.0,73.0,1400,Auto,3.11,7,osrm,40
172,2800.0,67.0,1400,Auto,2.66,6,osrm,49
173,2700.0,66.0,1400,Auto,2.34,5,osrm,39
174,2098.0,60.0,1400,Auto,6.17,11,osrm,39
175,6840.0,275.0,1400,Auto,9.98,16,osrm,0
176,3750.0,117.0,1400,Auto,2.93,7,osrm,31
177,2300.0,61.0,1400,Auto,2.21,5,osrm,41
178,2700.0,45.0,1400,Auto,4.1,8,osrm,50
180,2800.0,89.0,1400,Auto,2.57,6,osrm,45
181,3400.0,81.0,1400,Auto,3.02,7,osrm,40
183,6840.0,198.0,1400,Auto,3.91,8,osrm,31
184,8500.0,262.0,1400,Auto,9.56,15,osrm,40
185,2590.0,42.0,1400,Auto,2.86,6,osrm,35
186,2200.0,56.0,1400,Auto,4.32,9,osrm,49
188,3400.0,60.0,1400,Auto,3.06,7,osrm,43
190,2500.0,45.0,1400,Auto,2.42,6,osrm,44
192,6420.0,205.0,1400,Auto,10.11,16,osrm,0
193,3230.0,62.0,1400,Auto,2.59,6,osrm,39
195,5100.0,150.0,1400,Auto,1.81,4,osrm,38
196,3905.0,143.0,1400,Auto,12.3,22,osrm,0
197,2200.0,120.0,1400,Auto,10.86,18,osrm,5
199,2800.0,96.0,1400,Auto,6.26,9,osrm,43
200,2650.0,80.0,1400,Auto,5.82,9,osrm,32
201,4930.0,123.0,1400,Auto,1237.06,1086,osrm,0
202,2900.0,95.0,1400,Auto,2.61,6,osrm,49
203,2950.0,46.0,1400,Auto,2.97,7,osrm,47
204,4590.0,100.0,1400,Auto,1.75,4,osrm,42
205,2500.0,85.0,1400,Auto,10.46,16,osrm,8
207,3000.0,78.0,1400,Auto,1237.06,1086,osrm,0
208,4446.0,117.0,1400,Auto,2.37,5,osrm,49
209,5568.0,131.0,1400,Auto,2.57,6,osrm,50
210,5500.0,200.0,1400,Auto,18.89,26,osrm,7
211,3800.0,80.0,1400,Auto,11.96,19,osrm,0
212,3910.0,100.0,1400,Auto,10.27,16,osrm,3
213,4389.0,120.0,1400,Auto,1237.06,1086,osrm,0
214,3200.0,73.0,1400,Auto,4.07,8,osrm,37
215,2700.0,130.0,1400,Auto,5.89,10,osrm,40
216,3600.0,63.0,1400,Auto,2.55,6,osrm,45
218,3481.0,127.0,1400,Auto,7.28,12,osrm,38
219,4050.0,120.0,1400,Auto,2.98,6,osrm,32
220,2300.0,84.0,1400,Auto,7.08,11,osrm,50
221,6300.0,280.0,1400,Auto,2.95,7,osrm,40
222,8625.0,161.0,1400,Auto,3.07,6,osrm,38
223,4650.0,92.0,1400,Auto,11.92,16,osrm,4
224,4150.0,115.0,1400,Auto,10.58,17,osrm,0
225,8510.0,280.0,1400,Auto,11.13,18,osrm,0
227,6000.0,143.0,1400,Auto,2.96,7,osrm,33
228,3276.0,130.0,1400,Auto,10.14,16,osrm,0
230,9716.0,405.0,1400,Auto,10.9,16,osrm,0
231,3500.0,131.0,1400,Auto,7.23,12,osrm,48
232,3000.0,100.0,1400,Auto,11.64,16,osrm,0
233,2000.0,84.0,1400,Auto,5.62,11,osrm,47
234,1750.0,40.0,1400,Auto,12.81,18,osrm,2
235,2200.0,42.0,1400,Auto,11.2,16,osrm,0
236,1800.0,48.0,1400,Auto,5.06,11,osrm,36
237,3100.0,120.0,1400,Auto,1237.06,1086,osrm,0
238,8500.0,180.0,1400,Auto,1237.06,1086,osrm,0
239,3502.0,81.0,1400,Auto,2.95,7,osrm,38
241,3000.0,60.0,1400,Auto,1237.06,1086,osrm,0
242,4342.0,110.0,1400,Auto,1237.06,1086,osrm,0
244,4500.0,2500.0,1400,Auto,15.8,23,osrm,0
245,1250.0,38.0,1400,Auto,7.42,12,osrm,89
246,3430.0,60.0,1400,Auto,1237.06,1086,osrm,0
248,2200.0,70.0,1400,Auto,5.49,11,osrm,47
249,1500.0,153.0,1400,Auto,18.77,29,osrm,0
250,4500.0,2000.0,1400,Auto,12.27,17,osrm,6
251,5900.0,5000.0,1400,Auto,10.24,18,osrm,0
252,3900.0,1012.0,1400,Auto,22.28,33,osrm,7
253,3000.0,1012.0,1400,Auto,10.24,18,osrm,0
254,2200.0,1012.0,1400,Auto,1.97,5,osrm,34
255,6300.0,5000.0,1400,Auto,11.13,18,osrm,10
256,2900.0,3000.0,1400,Auto,23.41,40,osrm,0
257,1500.0,65.0,1400,Auto,5.09,10,osrm,48
258,1800.0,72.0,1400,Auto,5.69,12,osrm,37
259,2300.0,60.0,1400,Auto,6.52,11,osrm,37
260,2600.0,61.0,1400,Auto,1237.06,1086,osrm,0
261,5250.0,110.0,1400,Auto,11.51,16,osrm,0
262,1980.0,41.0,1400,Auto,10.49,14,osrm,44
263,3200.0,105.0,1400,Auto,0.93,3,osrm,37
264,4100.0,120.0,1400,Auto,1237.06,1086,osrm,0
265,4718.0,120.0,1400,Auto,1237.06,1086,osrm,0
266,4250.0,73.0,1400,Auto,1237.06,1086,osrm,0
267,2950.0,64.0,1400,Auto,10.87,17,osrm,7
268,3000.0,75.0,1400,Auto,1.95,5,osrm,47
269,3450.0,80.0,1400,Auto,1237.06,1086,osrm,0
270,2500.0,43.0,1400,Auto,10.12,15,osrm,44
271,2800.0,60.0,1400,Auto,4.62,9,osrm,36
272,4800.0,145.0,1400,Auto,1237.06,1086,osrm,0
273,3450.0,91.0,1400,Auto,1237.06,1086,osrm,0
274,2800.0,89.0,1400,Auto,11.16,16,osrm,0
275,2300.0,72.0,1400,Auto,1237.06,1086,osrm,0
276,2500.0,75.0,1400,Auto,1.38,4,osrm,42
277,1750.0,90.0,1400,Auto,6.18,10,osrm,37
278,3260.0,64.0,1400,Auto,1237.06,1086,osrm,0
279,4040.0,104.0,1400,Auto,1237.06,1086,osrm,0
280,4875.0,115.0,1400,Auto,1237.06,1086,osrm,0
281,4100.0,95.0,1400,Auto,1237.06,1086,osrm,0
282,3000.0,120.0,1400,Auto,14.94,25,osrm,0
283,3259.0,87.0,1400,Auto,1237.06,1086,osrm,0
284,2932.0,70.0,1400,Auto,4.72,10,osrm,31
285,1800.0,75.0,1400,Auto,2.9,6,osrm,32
286,1350.0,55.0,1400,Auto,9.29,17,osrm,35
287,2700.0,70.0,1400,Auto,1237.06,1086,osrm,0
288,4381.0,130.0,1400,Auto,4.99,10,osrm,36
289,3880.0,120.0,1400,Auto,9.48,13,osrm,46
290,2970.0,55.0,1400,Auto,1237.06,1086,osrm,0
291,4300.0,90.0,1400,Auto,1237.06,1086,osrm,0
292,2150.0,0.0,1400,Auto,1.91,5,osrm,36
293,4100.0,130.0,1400,Auto,1237.06,1086,osrm,0
294,2990.0,75.0,1400,Auto,1.25,3,osrm,32
295,2100.0,90.0,1400,Auto,4.46,10,osrm,43
296,2500.0,90.0,1400,Auto,1.59,4,osrm,42
297,7610.0,147.0,1400,Auto,1237.06,1086,osrm,0
298,2300.0,47.0,1400,Auto,1.14,3,osrm,34
299,3500.0,86.0,1400,Auto,2.06,5,osrm,38
300,2659.0,52.0,1400,Auto,1237.06,1086,osrm,0
301,2300.0,70.0,1400,Auto,6.37,11,osrm,33
302,3538.0,70.0,1400,Auto,1237.06,1086,osrm,0
303,4300.0,62.0,1400,Auto,1237.06,1086,osrm,0
304,2639.0,52.0,1400,Auto,1237.06,1086,osrm,0
305,3240.0,61.0,1400,Auto,1237.06,1086,osrm,0
306,2350.0,46.0,1400,Auto,5.14,10,osrm,46
307,4450.0,130.0,1400,Auto,1237.06,1086,osrm,0
308,5527.0,200.0,1400,Auto,1237.06,1086,osrm,0
309,2500.0,51.0,1400,Auto,10.11,13,osrm,46
310,4200.0,77.0,1400,Auto,1237.06,1086,osrm,0
311,2000.0,60.0,1400,Auto,6.79,10,osrm,35
312,4800.0,120.0,1400,Auto,10.55,15,osrm,37
313,2300.0,60.0,1400,Auto,11.4,16,osrm,0
314,3690.0,80.0,1400,Auto,1237.06,1086,osrm,0
315,2271.0,42.0,1400,Auto,10.88,14,osrm,49
316,2900.0,70.0,1400,Auto,1237.06,1086,osrm,0
317,2999.0,75.0,1400,Auto,1.8,4,osrm,48
318,1850.0,45.0,1400,Auto,10.21,13,osrm,46
319,3400.0,75.0,1400,Auto,1.85,4,osrm,38
320,2400.0,64.0,1400,Auto,10.0,15,osrm,40
321,2000.0,60.0,1400,Auto,10.13,14,osrm,33
322,3500.0,88.0,1400,Auto,1237.06,1086,osrm,0
323,3500.0,88.0,1400,Auto,11.17,16,osrm,0
324,2300.0,52.0,1400,Auto,2.13,5,osrm,49
325,4250.0,100.0,1400,Auto,1237.06,1086,osrm,0
326,3700.0,76.0,1400,Auto,1237.06,1086,osrm,0
327,2450.0,70.0,1400,Auto,12.99,17,osrm,0
328,4650.0,100.0,1400,Auto,1237.06,1086,osrm,0
329,2400.0,47.0,1400,Auto,10.76,16,osrm,0
330,2400.0,50.0,1400,Auto,4.6,9,osrm,32
332,2200.0,43.0,1400,Auto,10.96,16,osrm,0
333,3150.0,98.0,1400,Auto,1237.06,1086,osrm,0
334,3258.0,100.0,1400,Auto,1237.06,1086,osrm,0
335,3500.0,97.0,1400,Auto,1237.06,1086,osrm,0
336,6174.0,140.0,1400,Auto,1237.06,1086,osrm,0
337,2776.0,41.0,1400,Auto,1237.06,1086,osrm,0
338,4300.0,128.0,1400,Auto,1237.06,1086,osrm,0
339,1500.0,120.0,1400,Auto,14.37,21,osrm,9
340,2770.0,55.0,1400,Auto,1237.06,1086,osrm,0
341,2550.0,40.0,1400,Auto,10.62,16,osrm,3
342,2890.0,60.0,1400,Auto,1237.06,1086,osrm,0
343,3500.0,84.0,1400,Auto,1237.06,1086,osrm,0
344,2420.0,60.0,1400,Auto,1237.06,1086,osrm,0
345,3700.0,80.0,1400,Auto,5.41,9,osrm,48
346,5175.0,120.0,1400,Auto,1237.06,1086,osrm,0
347,1700.0,60.0,1400,Auto,1.18,3,osrm,44
348,1700.0,60.0,1400,Auto,1.35,3,osrm,48
349,8000.0,305.0,1400,Auto,1237.06,1086,osrm,0
350,3500.0,74.0,1400,Auto,10.39,16,osrm,10
351,2300.0,70.0,1400,Auto,10.67,16,osrm,0
353,2300.0,60.0,1400,Auto,10.42,15,osrm,39
354,2500.0,78.0,1400,Auto,1237.06,1086,osrm,0
355,5190.0,140.0,1400,Auto,10.56,13,osrm,31
356,2933.0,110.0,1400,Auto,1237.06,1086,osrm,0
357,3400.0,90.0,1400,Auto,10.44,16,osrm,1
358,2500.0,49.0,1400,Auto,1.51,4,osrm,48
359,2750.0,61.0,1400,Auto,4.98,10,osrm,43
360,5160.0,102.0,1400,Auto,1237.06,1086,osrm,0
361,2900.0,52.0,1400,Auto,1237.06,1086,osrm,0
362,2250.0,65.0,1400,Auto,1237.06,1086,osrm,0
364,2900.0,60.0,1400,Auto,1237.06,1086,osrm,0
365,3100.0,65.0,1400,Auto,4.3,9,osrm,47
366,2400.0,55.0,1400,Auto,5.74,9,osrm,43
367,3800.0,64.0,1400,Auto,10.6,13,osrm,42
368,4140.0,86.0,1400,Auto,1237.06,1086,osrm,0
369,2800.0,61.0,1400,Auto,10.25,14,osrm,41
370,3500.0,81.0,1400,Auto,1237.06,1086,osrm,0
371,2000.0,78.0,1400,Auto,3.76,9,osrm,46
372,4020.0,103.0,1400,Auto,1237.06,1086,osrm,0
373,6120.0,135.0,1400,Auto,1237.06,1086,osrm,0
375,3315.0,70.0,1400,Auto,5.77,11,osrm,36
376,2200.0,48.0,1400,Auto,11.37,16,osrm,0
377,2600.0,60.0,1400,Auto,10.41,14,osrm,41
378,3600.0,87.0,1400,Auto,1237.06,1086,osrm,0
379,2700.0,70.0,1400,Auto,1237.06,1086,osrm,0
380,7550.0,200.0,1400,Auto,1237.06,1086,osrm,0
381,3500.0,138.0,1400,Auto,1237.06,1086,osrm,0
382,8395.0,200.0,1400,Auto,1237.06,1086,osrm,0
383,2970.0,73.0,1400,Auto,2.1,5,osrm,32
384,3000.0,92.0,1400,Auto,4.49,9,osrm,40
385,2620.0,80.0,1400,Auto,10.57,16,osrm,9
387,2250.0,42.0,1400,Auto,11.09,16,osrm,0
388,2898.0,70.0,1400,Auto,14.11,20,osrm,0
389,9000.0,130.0,1400,Auto,1237.06,1086,osrm,0
390,2300.0,93.0,1400,Auto,5.76,10,osrm,40
391,2500.0,79.0,1400,Auto,4.96,10,osrm,34
392,9436.0,233.0,1400,Auto,10.83,17,osrm,0
394,2400.0,52.0,1400,Auto,1237.06,1086,osrm,0
397,2900.0,55.0,1400,Auto,1237.06,1086,osrm,0
398,4020.0,131.0,1400,Auto,10.58,15,osrm,43
400,3000.0,75.0,1400,Auto,1237.06,1086,osrm,0
401,2900.0,80.0,1400,Auto,1237.06,1086,osrm,0
402,6800.0,182.0,1400,Auto,1237.06,1086,osrm,0
403,8027.0,207.0,1400,Auto,10.49,15,osrm,47
405,4500.0,2500.0,1400,Auto,23.56,36,osrm,0
406,3050.0,52.0,1400,Auto,1237.06,1086,osrm,0
407,2600.0,48.0,1400,Auto,1237.06,1086,osrm,0
408,3385.0,65.0,1400,Auto,1237.06,1086,osrm,0
409,2995.0,75.0,1400,Auto,1237.06,1086,osrm,0
410,7875.0,160.0,1400,Auto,11.65,16,osrm,3
411,2600.0,90.0,1400,Auto,4.53,9,osrm,39
412,3780.0,60.0,1400,Auto,2.42,6,osrm,41
414,1790.0,74.0,1400,Auto,10.46,17,osrm,7
415,5075.0,154.0,1400,Auto,2.65,6,osrm,32
416,6120.0,100.0,1400,Auto,3.15,7,osrm,46
417,2950.0,85.0,1400,Auto,2.29,5,osrm,46
418,3200.0,121.0,1400,Auto,2.76,6,osrm,32
419,7200.0,388.0,1400,Auto,2.93,6,osrm,42
420,3360.0,50.0,1400,Auto,3.12,7,osrm,38
421,3500.0,160.0,1400,Auto,1237.06,1086,osrm,0
422,3400.0,80.0,1400,Auto,1.33,3,osrm,48
423,2700.0,63.0,1400,Auto,1.85,4,osrm,37
424,1700.0,70.0,1400,Auto,12.95,18,osrm,6
425,3500.0,97.0,1400,Auto,2.52,6,osrm,48
426,3450.0,144.0,1400,Auto,12.12,18,osrm,4
427,1850.0,41.0,1400,Auto,2.58,6,osrm,36
428,4231.0,62.0,1400,Auto,2.8,6,osrm,46
429,2600.0,45.0,1400,Auto,2.76,7,osrm,41
430,2950.0,140.0,1400,Auto,5.89,11,osrm,44
431,2500.0,89.0,1400,Auto,5.8,11,osrm,47
432,2600.0,118.0,1400,Auto,10.19,16,osrm,0
433,2500.0,102.0,1400,Auto,9.71,15,osrm,36
434,5250.0,63.0,1400,Auto,3.08,7,osrm,37
435,2200.0,46.0,1400,Auto,3.09,7,osrm,45
436,3000.0,84.0,1400,Auto,2.54,6,osrm,49
437,3750.0,100.0,1400,Auto,7.14,11,osrm,36
438,3350.0,135.0,1400,Auto,6.09,11,osrm,30
439,7980.0,151.0,1400,Auto,2.41,5,osrm,32
440,3150.0,93.0,1400,Auto,2.55,6,osrm,39
442,2500.0,110.0,1400,Auto,4.18,9,osrm,37
443,2933.0,63.0,1400,Auto,3.04,6,osrm,31
444,1600.0,68.0,1400,Auto,9.5,14,osrm,35
445,2100.0,65.0,1400,Auto,2.95,6,osrm,37
446,2700.0,45.0,1400,Auto,2.2,5,osrm,43
447,2750.0,80.0,1400,Auto,12.37,18,osrm,7
448,2700.0,43.0,1400,Auto,2.98,7,osrm,44
449,2850.0,58.0,1400,Auto,2.08,5,osrm,43
450,2850.0,58.0,1400,Auto,5.78,10,osrm,41
451,8675.0,440.0,1400,Auto,9.92,16,osrm,0
452,4200.0,147.0,1400,Auto,14.47,20,osrm,0
453,2500.0,47.0,1400,Auto,2.89,7,osrm,45
454,2058.0,45.0,1400,Auto,13.07,16,osrm,0
456,1000.0,40.0,1400,Auto,5.7,11,osrm,92
457,2700.0,63.0,1400,Auto,5.78,10,osrm,36
458,5200.0,120.0,1400,Auto,4.32,8,osrm,45
459,2250.0,40.0,1400,Auto,1.72,4,osrm,38
460,1600.0,78.0,1400,Auto,10.65,17,osrm,2
461,2600.0,104.0,1400,Auto,10.12,16,osrm,7
462,4032.0,60.0,1400,Auto,2.98,7,osrm,49
463,2500.0,59.0,1400,Auto,1.92,5,osrm,46
464,3700.0,62.0,1400,Auto,3.12,7,osrm,44
465,3987.0,66.0,1400,Auto,2.44,5,osrm,37
466,1500.0,60.0,1400,Auto,5.88,11,osrm,36
467,1800.0,61.0,1400,Auto,6.79,12,osrm,39
468,3100.0,80.0,1400,Auto,2.31,5,osrm,45
469,3300.0,66.0,1400,Auto,2.45,6,osrm,30
470,2600.0,80.0,1400,Auto,10.19,16,osrm,2
471,2300.0,77.0,1400,Auto,3.83,8,osrm,37
473,2100.0,56.0,1400,Auto,3.0,6,osrm,44
474,3000.0,100.0,1400,Auto,3.96,8,osrm,48
475,2700.0,70.0,1400,Auto,9.27,14,osrm,35
476,2400.0,42.0,1400,Auto,4.54,9,osrm,41
477,2700.0,49.0,1400,Auto,2.14,5,osrm,39
478,8050.0,216.0,1400,Auto,2.63,6,osrm,39
479,1900.0,43.0,1400,Auto,5.95,9,osrm,43
480,4200.0,147.0,1400,Auto,14.09,20,osrm,1
481,1900.0,43.0,1400,Auto,6.05,10,osrm,48
482,4200.0,147.0,1400,Auto,14.95,25,osrm,0
483,4000.0,45.0,1400,Auto,2.3,5,osrm,48
487,2000.0,47.0,1400,Auto,4.3,9,osrm,47
488,1850.0,44.0,1400,Auto,3.69,8,osrm,41
489,9254.0,170.0,1400,Auto,3.0,7,osrm,42
490,3000.0,69.0,1400,Auto,6.31,12,osrm,36
491,3500.0,73.0,1400,Auto,2.36,5,osrm,44
492,1900.0,45.0,1400,Auto,4.54,10,osrm,47
493,2100.0,57.0,1400,Auto,3.37,8,osrm,38
494,2300.0,45.0,1400,Auto,2.6,6,osrm,30
495,7590.0,217.0,1400,Auto,1237.06,1086,osrm,0
497,3150.0,84.0,1400,Auto,1237.06,1086,osrm,0
498,6400.0,177.0,1400,Auto,2.47,6,osrm,43
499,3000.0,108.0,1400,Auto,10.86,16,osrm,0
504,4100.0,142.0,1400,Auto,10.73,17,osrm,5
506,2400.0,50.0,1400,Auto,2.79,6,osrm,46
507,1700.0,40.0,1400,Auto,4.03,9,osrm,33
508,1600.0,50.0,1400,Auto,6.17,10,osrm,40
509,3700.0,120.0,1400,Auto,2.71,6,osrm,38
3,2750.0,60.0,2000,Bicicleta,2.2,4,osrm,38
4,9000.0,1200.0,2000,Bicicleta,12.69,18,osrm,18
5,4590.0,140.0,2000,Bicicleta,10.34,16,osrm,10
6,2500.0,70.0,2000,Bicicleta,6.6,12,osrm,64
7,1200.0,73.0,2000,Bicicleta,11.73,13,osrm,100
8,3365.0,108.0,2000,Bicicleta,14.19,23,osrm,12
9,1450.0,73.0,2000,Bicicleta,6.55,12,osrm,100
10,3048.0,68.0,2000,Bicicleta,1237.44,1086,osrm,0
11,3600.0,93.0,2000,Bicicleta,1237.44,1086,osrm,0
12,5760.0,110.0,2000,Bicicleta,1237.44,1086,osrm,0
13,2140.0,60.0,2000,Bicicleta,10.22,14,osrm,31
14,2950.0,95.0,2000,Bicicleta,1237.44,1086,osrm,0
15,2700.0,40.0,2000,Bicicleta,1237.44,1086,osrm,0
16,2600.0,40.0,2000,Bicicleta,9.07,12,osrm,33
17,2450.0,56.0,2000,Bicicleta,2.78,5,osrm,43
18,4500.0,140.0,2000,Bicicleta,1237.44,1086,osrm,0
20,8500.0,325.0,2000,Bicicleta,6.33,10,osrm,54
22,3800.0,80.0,2000,Bicicleta,6.52,9,osrm,55
23,2900.0,74.0,2000,Bicicleta,1237.44,1086,osrm,2
24,3500.0,220.0,2000,Bicicleta,29.68,40,osrm,15
25,2600.0,42.0,2000,Bicicleta,9.25,12,osrm,49
26,3205.0,72.0,2000,Bicicleta,1237.44,1086,osrm,0
27,4400.0,100.0,2000,Bicicleta,1237.44,1086,osrm,0
28,2710.0,70.0,2000,Bicicleta,10.49,13,osrm,58
29,2100.0,70.0,2000,Bicicleta,13.68,18,osrm,13
30,8500.0,251.0,2000,Bicicleta,13.06,17,osrm,21
31,6210.0,290.0,2000,Bicicleta,13.51,20,osrm,18
32,2200.0,55.0,2000,Bicicleta,1237.44,1086,osrm,0
33,2527.0,81.0,2000,Bicicleta,1237.44,1086,osrm,0
34,5100.0,121.0,2000,Bicicleta,1237.44,1086,osrm,0
35,3060.0,80.0,2000,Bicicleta,1237.44,1086,osrm,0
36,4100.0,84.0,2000,Bicicleta,1237.44,1086,osrm,0
37,3300.0,98.0,2000,Bicicleta,1237.44,1086,osrm,0
38,2700.0,69.0,2000,Bicicleta,6.0,10,osrm,45
39,2700.0,85.0,2000,Bicicleta,6.43,10,osrm,50
40,2584.0,52.0,2000,Bicicleta,10.71,15,osrm,38
41,8930.0,130.0,2000,Bicicleta,1237.44,1086,osrm,0
42,3709.0,107.0,2000,Bicicleta,1237.44,1086,osrm,2
44,3777.0,62.0,2000,Bicicleta,2.85,5,osrm,64
46,2600.0,52.0,2000,Bicicleta,6.09,9,osrm,38
47,4400.0,84.0,2000,Bicicleta,1237.44,1086,osrm,0
48,6900.0,130.0,2000,Bicicleta,1237.44,1086,osrm,0
49,2333.0,55.0,2000,Bicicleta,9.55,12,osrm,33
50,4500.0,74.0,2000,Bicicleta,1237.44,1086,osrm,0
51,5500.0,160.0,2000,Bicicleta,1237.44,1086,osrm,0
52,1600.0,84.0,2000,Bicicleta,15.28,22,osrm,60
53,3500.0,92.0,2000,Bicicleta,1237.44,1086,osrm,0
54,4836.0,94.0,2000,Bicicleta,8.76,11,osrm,52
56,3380.0,69.0,2000,Bicicleta,1237.44,1086,osrm,0
58,8700.0,333.0,2000,Bicicleta,1237.44,1086,osrm,2
59,3700.0,118.0,2000,Bicicleta,1237.44,1086,osrm,4
60,3280.0,78.0,2000,Bicicleta,1237.44,1086,osrm,0
61,2760.0,58.0,2000,Bicicleta,1237.44,1086,osrm,0
62,4400.0,190.0,2000,Bicicleta,1237.44,1086,osrm,0
63,4300.0,93.0,2000,Bicicleta,1237.44,1086,osrm,3
64,3000.0,78.0,2000,Bicicleta,1237.44,1086,osrm,2
65,2700.0,75.0,2000,Bicicleta,3.6,6,osrm,52
66,4617.0,146.0,2000,Bicicleta,10.25,13,osrm,58
67,3000.0,79.0,2000,Bicicleta,2.67,5,osrm,60
68,2300.0,59.0,2000,Bicicleta,2.93,5,osrm,44
69,2243.0,75.0,2000,Bicicleta,1237.44,1086,osrm,4
70,3990.0,68.0,2000,Bicicleta,1237.44,1086,osrm,0
71,3800.0,69.0,2000,Bicicleta,1237.44,1086,osrm,0
72,2200.0,69.0,2000,Bicicleta,3.23,6,osrm,60
73,3200.0,84.0,2000,Bicicleta,1237.44,1086,osrm,0
75,3350.0,70.0,2000,Bicicleta,1237.44,1086,osrm,0
77,5175.0,135.0,2000,Bicicleta,1237.44,1086,osrm,0
78,5040.0,180.0,2000,Bicicleta,1237.44,1086,osrm,0
79,2510.0,45.0,2000,Bicicleta,11.21,15,osrm,40
80,9400.0,203.0,2000,Bicicleta,1237.44,1086,osrm,0
81,3190.0,63.0,2000,Bicicleta,1237.44,1086,osrm,0
82,3480.0,64.0,2000,Bicicleta,1237.44,1086,osrm,3
83,2780.0,53.0,2000,Bicicleta,1237.44,1086,osrm,0
84,2700.0,43.0,2000,Bicicleta,10.78,14,osrm,36
85,3855.0,76.0,2000,Bicicleta,1237.44,1086,osrm,0
87,6210.0,180.0,2000,Bicicleta,1237.44,1086,osrm,4
88,2800.0,80.0,2000,Bicicleta,1237.44,1086,osrm,2
89,4685.0,100.0,2000,Bicicleta,1237.44,1086,osrm,0
90,2600.0,55.0,2000,Bicicleta,2.91,5,osrm,50
91,6170.0,168.0,2000,Bicicleta,1237.44,1086,osrm,0
92,4140.0,106.0,2000,Bicicleta,1237.44,1086,osrm,0
93,3100.0,85.0,2000,Bicicleta,2.7,5,osrm,52
94,3700.0,92.0,2000,Bicicleta,1237.44,1086,osrm,3
95,7370.0,220.0,2000,Bicicleta,13.52,17,osrm,13
97,9800.0,172.0,2000,Bicicleta,1237.44,1086,osrm,0
98,2400.0,69.0,2000,Bicicleta,1237.44,1086,osrm,0
99,3000.0,100.0,2000,Bicicleta,3.19,6,osrm,50
100,4650.0,100.0,2000,Bicicleta,11.12,16,osrm,12
101,8500.0,200.0,2000,Bicicleta,1237.44,1086,osrm,0
103,5160.0,135.0,2000,Bicicleta,1237.44,1086,osrm,4
104,5780.0,125.0,2000,Bicicleta,8.76,11,osrm,54
105,3790.0,100.0,2000,Bicicleta,1237.44,1086,osrm,0
106,2900.0,71.0,2000,Bicicleta,3.77,7,osrm,59
107,6800.0,154.0,2000,Bicicleta,1237.44,1086,osrm,0
108,4380.0,86.0,2000,Bicicleta,1237.44,1086,osrm,0
109,2530.0,48.0,2000,Bicicleta,2.71,5,osrm,39
110,2360.0,42.0,2000,Bicicleta,10.84,14,osrm,50
112,2900.0,65.0,2000,Bicicleta,1237.44,1086,osrm,0
113,2900.0,69.0,2000,Bicicleta,2.47,5,osrm,54
114,2177.0,40.0,2000,Bicicleta,11.39,15,osrm,38
115,9045.0,316.0,2000,Bicicleta,1237.44,1086,osrm,0
116,2800.0,71.0,2000,Bicicleta,5.79,9,osrm,61
117,3230.0,58.0,2000,Bicicleta,11.69,16,osrm,0
118,7480.0,200.0,2000,Bicicleta,1237.44,1086,osrm,2
122,2400.0,62.0,2000,Bicicleta,6.81,12,osrm,55
123,3200.0,79.0,2000,Bicicleta,3.49,7,osrm,62
124,7400.0,208.0,2000,Bicicleta,1.44,3,osrm,50
125,1700.0,70.0,2000,Bicicleta,3.98,8,osrm,92
126,2600.0,70.0,2000,Bicicleta,2.92,6,osrm,52
127,3777.0,62.0,2000,Bicicleta,1.52,3,osrm,65
128,2057.0,52.0,2000,Bicicleta,1.19,2,osrm,40
129,3000.0,98.0,2000,Bicicleta,3.82,7,osrm,52
130,2200.0,76.0,2000,Bicicleta,3.81,7,osrm,51
131,900.0,54.0,2000,Bicicleta,16.96,30,osrm,45
132,3100.0,64.0,2000,Bicicleta,10.39,16,osrm,6
133,2200.0,55.0,2000,Bicicleta,4.67,7,osrm,31
134,1800.0,61.0,2000,Bicicleta,24.59,35,osrm,52
135,3100.0,67.0,2000,Bicicleta,1.77,3,osrm,57
136,3100.0,63.0,2000,Bicicleta,1.65,3,osrm,50
137,1300.0,31.0,2000,Bicicleta,3.18,7,osrm,85
138,3000.0,114.0,2000,Bicicleta,10.35,16,osrm,7
139,2350.0,60.0,2000,Bicicleta,4.4,7,osrm,45
140,2750.0,46.0,2000,Bicicleta,1.66,3,osrm,37
141,3550.0,124.0,2000,Bicicleta,11.36,17,osrm,19
142,7480.0,300.0,2000,Bicicleta,7.69,12,osrm,45
143,3850.0,60.0,2000,Bicicleta,2.74,5,osrm,33
144,4000.0,100.0,2000,Bicicleta,1237.44,1086,osrm,0
145,4450.0,150.0,2000,Bicicleta,10.48,16,osrm,10
146,7000.0,265.0,2000,Bicicleta,2.25,4,osrm,45
147,2400.0,82.0,2000,Bicicleta,3.67,7,osrm,63
149,3850.0,45.0,2000,Bicicleta,2.14,4,osrm,41
150,4500.0,60.0,2000,Bicicleta,1.42,3,osrm,39
151,999.0,18.0,2000,Bicicleta,10.29,16,osrm,53
152,1200.0,60.0,2000,Bicicleta,14.97,22,osrm,42
153,2450.0,70.0,2000,Bicicleta,4.67,8,osrm,57
154,1850.0,74.0,2000,Bicicleta,4.35,8,osrm,89
155,1700.0,41.0,2000,Bicicleta,4.26,7,osrm,85
156,2800.0,60.0,2000,Bicicleta,2.22,4,osrm,41
157,2500.0,48.0,2000,Bicicleta,1.78,3,osrm,46
158,2300.0,40.0,2000,Bicicleta,1.19,2,osrm,45
159,3852.0,130.0,2000,Bicicleta,10.59,16,osrm,10
160,2750.0,45.0,2000,Bicicleta,2.68,5,osrm,38
161,2650.0,60.0,2000,Bicicleta,2.11,4,osrm,33
162,3500.0,60.0,2000,Bicicleta,2.24,4,osrm,42
163,4300.0,210.0,2000,Bicicleta,10.44,16,osrm,20
164,3325.0,46.0,2000,Bicicleta,1.63,3,osrm,46
165,4200.0,86.0,2000,Bicicleta,1.71,3,osrm,51
166,9760.0,300.0,2000,Bicicleta,1.95,4,osrm,46
167,5650.0,216.0,2000,Bicicleta,2.18,4,osrm,54
168,6960.0,172.0,2000,Bicicleta,6.98,10,osrm,47
171,3660.0,73.0,2000,Bicicleta,1.36,3,osrm,46
172,2800.0,67.0,2000,Bicicleta,1.97,4,osrm,55
173,2700.0,66.0,2000,Bicicleta,4.12,7,osrm,63
174,2098.0,60.0,2000,Bicicleta,4.29,7,osrm,39
175,6840.0,275.0,2000,Bicicleta,9.99,15,osrm,63
176,3750.0,117.0,2000,Bicicleta,2.49,4,osrm,63
177,2300.0,61.0,2000,Bicicleta,3.99,7,osrm,58
178,2700.0,45.0,2000,Bicicleta,2.73,5,osrm,40
180,2800.0,89.0,2000,Bicicleta,4.82,8,osrm,56
181,3400.0,81.0,2000,Bicicleta,2.1,4,osrm,50
183,6840.0,198.0,2000,Bicicleta,2.92,5,osrm,55
184,8500.0,262.0,2000,Bicicleta,9.57,14,osrm,45
185,2590.0,42.0,2000,Bicicleta,2.2,4,osrm,46
186,2200.0,56.0,2000,Bicicleta,4.79,8,osrm,48
188,3400.0,60.0,2000,Bicicleta,2.86,5,osrm,39
190,2500.0,45.0,2000,Bicicleta,2.0,3,osrm,35
192,6420.0,205.0,2000,Bicicleta,10.12,15,osrm,51
193,3230.0,62.0,2000,Bicicleta,2.25,4,osrm,51
195,5100.0,150.0,2000,Bicicleta,2.66,4,osrm,55
196,3905.0,143.0,2000,Bicicleta,13.94,24,osrm,9
197,2200.0,120.0,2000,Bicicleta,10.88,17,osrm,9
199,2800.0,96.0,2000,Bicicleta,6.64,9,osrm,48
200,2650.0,80.0,2000,Bicicleta,6.2,9,osrm,47
201,4930.0,123.0,2000,Bicicleta,1237.44,1086,osrm,0
202,2900.0,95.0,2000,Bicicleta,1.8,3,osrm,57
203,2950.0,46.0,2000,Bicicleta,1.5,3,osrm,36
204,4590.0,100.0,2000,Bicicleta,3.93,8,osrm,46
205,2500.0,85.0,2000,Bicicleta,10.47,16,osrm,21
207,3000.0,78.0,2000,Bicicleta,1237.44,1086,osrm,0
208,4446.0,117.0,2000,Bicicleta,2.37,5,osrm,62
209,5568.0,131.0,2000,Bicicleta,2.0,4,osrm,51
210,5500.0,200.0,2000,Bicicleta,20.67,28,osrm,11
211,3800.0,80.0,2000,Bicicleta,11.52,14,osrm,58
212,3910.0,100.0,2000,Bicicleta,10.28,16,osrm,24
213,4389.0,120.0,2000,Bicicleta,1237.44,1086,osrm,4
214,3200.0,73.0,2000,Bicicleta,6.4,12,osrm,60
215,2700.0,130.0,2000,Bicicleta,5.9,9,osrm,56
216,3600.0,63.0,2000,Bicicleta,1.98,3,osrm,58
218,3481.0,127.0,2000,Bicicleta,7.44,11,osrm,47
219,4050.0,120.0,2000,Bicicleta,1.24,2,osrm,60
220,2300.0,84.0,2000,Bicicleta,7.25,10,osrm,51
221,6300.0,280.0,2000,Bicicleta,2.12,4,osrm,52
222,8625.0,161.0,2000,Bicicleta,1.41,2,osrm,61
223,4650.0,92.0,2000,Bicicleta,10.51,16,osrm,24
224,4150.0,115.0,2000,Bicicleta,10.59,16,osrm,7
225,8510.0,280.0,2000,Bicicleta,11.14,18,osrm,15
227,6000.0,143.0,2000,Bicicleta,2.46,4,osrm,59
228,3276.0,130.0,2000,Bicicleta,10.15,16,osrm,19
230,9716.0,405.0,2000,Bicicleta,9.84,16,osrm,5
231,3500.0,131.0,2000,Bicicleta,7.4,11,osrm,54
232,3000.0,100.0,2000,Bicicleta,12.02,16,osrm,20
233,2000.0,84.0,2000,Bicicleta,4.91,8,osrm,92
234,1750.0,40.0,2000,Bicicleta,12.97,17,osrm,49
235,2200.0,42.0,2000,Bicicleta,11.59,16,osrm,2
236,1800.0,48.0,2000,Bicicleta,6.84,13,osrm,79
237,3100.0,120.0,2000,Bicicleta,1237.44,1086,osrm,0
238,8500.0,180.0,2000,Bicicleta,1237.44,1086,osrm,0
239,3502.0,81.0,2000,Bicicleta,2.45,4,osrm,65
241,3000.0,60.0,2000,Bicicleta,1237.44,1086,osrm,0
242,4342.0,110.0,2000,Bicicleta,1237.44,1086,osrm,0
244,4500.0,2500.0,2000,Bicicleta,15.81,23,osrm,11
245,1250.0,38.0,2000,Bicicleta,7.59,11,osrm,91
246,3430.0,60.0,2000,Bicicleta,1237.44,1086,osrm,0
248,2200.0,70.0,2000,Bicicleta,4.77,8,osrm,57
249,1500.0,153.0,2000,Bicicleta,17.44,26,osrm,53
250,4500.0,2000.0,2000,Bicicleta,12.44,16,osrm,17
251,5900.0,5000.0,2000,Bicicleta,8.37,14,osrm,45
252,3900.0,1012.0,2000,Bicicleta,20.95,29,osrm,11
253,3000.0,1012.0,2000,Bicicleta,8.37,14,osrm,64
254,2200.0,1012.0,2000,Bicicleta,3.01,5,osrm,61
255,6300.0,5000.0,2000,Bicicleta,11.25,18,osrm,20
256,2900.0,3000.0,2000,Bicicleta,25.05,42,osrm,11
257,1500.0,65.0,2000,Bicicleta,6.87,13,osrm,100
258,1800.0,72.0,2000,Bicicleta,7.47,14,osrm,94
259,2300.0,60.0,2000,Bicicleta,4.65,7,osrm,41
260,2600.0,61.0,2000,Bicicleta,1237.44,1086,osrm,0
261,5250.0,110.0,2000,Bicicleta,11.9,16,osrm,18
262,1980.0,41.0,2000,Bicicleta,10.88,14,osrm,86
263,3200.0,105.0,2000,Bicicleta,2.94,6,osrm,58
264,4100.0,120.0,2000,Bicicleta,1237.44,1086,osrm,0
265,4718.0,120.0,2000,Bicicleta,1237.44,1086,osrm,0
266,4250.0,73.0,2000,Bicicleta,1237.44,1086,osrm,0
267,2950.0,64.0,2000,Bicicleta,11.26,17,osrm,14
268,3000.0,75.0,2000,Bicicleta,3.44,6,osrm,53
269,3450.0,80.0,2000,Bicicleta,1237.44,1086,osrm,0
270,2500.0,43.0,2000,Bicicleta,10.5,15,osrm,42
271,2800.0,60.0,2000,Bicicleta,3.01,5,osrm,41
272,4800.0,145.0,2000,Bicicleta,1237.44,1086,osrm,1
273,3450.0,91.0,2000,Bicicleta,1237.44,1086,osrm,0
274,2800.0,89.0,2000,Bicicleta,11.55,16,osrm,15
275,2300.0,72.0,2000,Bicicleta,1237.44,1086,osrm,0
276,2500.0,75.0,2000,Bicicleta,3.03,5,osrm,48
277,1750.0,90.0,2000,Bicicleta,6.19,10,osrm,93
278,3260.0,64.0,2000,Bicicleta,1237.44,1086,osrm,0
279,4040.0,104.0,2000,Bicicleta,1237.44,1086,osrm,0
280,4875.0,115.0,2000,Bicicleta,1237.44,1086,osrm,0
281,4100.0,95.0,2000,Bicicleta,1237.44,1086,osrm,0
282,3000.0,120.0,2000,Bicicleta,15.1,24,osrm,22
283,3259.0,87.0,2000,Bicicleta,1237.44,1086,osrm,0
284,2932.0,70.0,2000,Bicicleta,2.83,6,osrm,63
285,1800.0,75.0,2000,Bicicleta,5.23,10,osrm,92
286,1350.0,55.0,2000,Bicicleta,8.4,13,osrm,87
287,2700.0,70.0,2000,Bicicleta,1237.44,1086,osrm,0
288,4381.0,130.0,2000,Bicicleta,2.73,5,osrm,63
289,3880.0,120.0,2000,Bicicleta,9.86,13,osrm,56
290,2970.0,55.0,2000,Bicicleta,1237.44,1086,osrm,0
291,4300.0,90.0,2000,Bicicleta,1237.44,1086,osrm,0
292,2150.0,0.0,2000,Bicicleta,3.42,6,osrm,32
293,4100.0,130.0,2000,Bicicleta,1237.44,1086,osrm,0
294,2990.0,75.0,2000,Bicicleta,2.46,4,osrm,51
295,2100.0,90.0,2000,Bicicleta,6.48,12,osrm,47
296,2500.0,90.0,2000,Bicicleta,3.12,5,osrm,63
297,7610.0,147.0,2000,Bicicleta,1237.44,1086,osrm,0
298,2300.0,47.0,2000,Bicicleta,2.76,5,osrm,38
299,3500.0,86.0,2000,Bicicleta,3.67,6,osrm,52
300,2659.0,52.0,2000,Bicicleta,1237.44,1086,osrm,0
301,2300.0,70.0,2000,Bicicleta,6.38,10,osrm,65
302,3538.0,70.0,2000,Bicicleta,1237.44,1086,osrm,0
303,4300.0,62.0,2000,Bicicleta,1237.44,1086,osrm,1
304,2639.0,52.0,2000,Bicicleta,1237.44,1086,osrm,0
305,3240.0,61.0,2000,Bicicleta,1237.44,1086,osrm,0
306,2350.0,46.0,2000,Bicicleta,2.56,5,osrm,44
307,4450.0,130.0,2000,Bicicleta,1237.44,1086,osrm,0
308,5527.0,200.0,2000,Bicicleta,1237.44,1086,osrm,5
309,2500.0,51.0,2000,Bicicleta,8.73,11,osrm,36
310,4200.0,77.0,2000,Bicicleta,1237.44,1086,osrm,0
311,2000.0,60.0,2000,Bicicleta,7.17,10,osrm,73
312,4800.0,120.0,2000,Bicicleta,10.94,14,osrm,65
313,2300.0,60.0,2000,Bicicleta,11.78,16,osrm,0
314,3690.0,80.0,2000,Bicicleta,1237.44,1086,osrm,0
315,2271.0,42.0,2000,Bicicleta,9.5,12,osrm,37
316,2900.0,70.0,2000,Bicicleta,1237.44,1086,osrm,3
317,2999.0,75.0,2000,Bicicleta,3.23,6,osrm,62
318,1850.0,45.0,2000,Bicicleta,8.83,11,osrm,75
319,3400.0,75.0,2000,Bicicleta,3.46,6,osrm,61
320,2400.0,64.0,2000,Bicicleta,10.38,15,osrm,58
321,2000.0,60.0,2000,Bicicleta,10.52,14,osrm,82
322,3500.0,88.0,2000,Bicicleta,1237.44,1086,osrm,0
323,3500.0,88.0,2000,Bicicleta,11.55,16,osrm,21
324,2300.0,52.0,2000,Bicicleta,3.55,6,osrm,35
325,4250.0,100.0,2000,Bicicleta,1237.44,1086,osrm,0
326,3700.0,76.0,2000,Bicicleta,1237.44,1086,osrm,2
327,2450.0,70.0,2000,Bicicleta,11.61,16,osrm,11
328,4650.0,100.0,2000,Bicicleta,1237.44,1086,osrm,4
329,2400.0,47.0,2000,Bicicleta,11.14,16,osrm,6
330,2400.0,50.0,2000,Bicicleta,2.48,5,osrm,32
332,2200.0,43.0,2000,Bicicleta,11.35,15,osrm,42
333,3150.0,98.0,2000,Bicicleta,1237.44,1086,osrm,3
334,3258.0,100.0,2000,Bicicleta,1237.44,1086,osrm,0
335,3500.0,97.0,2000,Bicicleta,1237.44,1086,osrm,0
336,6174.0,140.0,2000,Bicicleta,1237.44,1086,osrm,2
337,2776.0,41.0,2000,Bicicleta,1237.44,1086,osrm,0
338,4300.0,128.0,2000,Bicicleta,1237.44,1086,osrm,0
339,1500.0,120.0,2000,Bicicleta,16.15,24,osrm,61
340,2770.0,55.0,2000,Bicicleta,1237.44,1086,osrm,0
341,2550.0,40.0,2000,Bicicleta,11.01,16,osrm,0
342,2890.0,60.0,2000,Bicicleta,1237.44,1086,osrm,0
343,3500.0,84.0,2000,Bicicleta,1237.44,1086,osrm,0
344,2420.0,60.0,2000,Bicicleta,1237.44,1086,osrm,0
345,3700.0,80.0,2000,Bicicleta,5.42,9,osrm,64
346,5175.0,120.0,2000,Bicicleta,1237.44,1086,osrm,4
347,1700.0,60.0,2000,Bicicleta,2.8,5,osrm,73
348,1700.0,60.0,2000,Bicicleta,3.0,5,osrm,83
349,8000.0,305.0,2000,Bicicleta,1237.44,1086,osrm,1
350,3500.0,74.0,2000,Bicicleta,10.77,16,osrm,16
351,2300.0,70.0,2000,Bicicleta,11.06,16,osrm,20
353,2300.0,60.0,2000,Bicicleta,10.8,14,osrm,47
354,2500.0,78.0,2000,Bicicleta,1237.44,1086,osrm,0
355,5190.0,140.0,2000,Bicicleta,9.17,12,osrm,53
356,2933.0,110.0,2000,Bicicleta,1237.44,1086,osrm,0
357,3400.0,90.0,2000,Bicicleta,10.82,16,osrm,14
358,2500.0,49.0,2000,Bicicleta,3.66,7,osrm,42
359,2750.0,61.0,2000,Bicicleta,2.47,5,osrm,62
360,5160.0,102.0,2000,Bicicleta,1237.44,1086,osrm,0
361,2900.0,52.0,2000,Bicicleta,1237.44,1086,osrm,0
362,2250.0,65.0,2000,Bicicleta,1237.44,1086,osrm,1
364,2900.0,60.0,2000,Bicicleta,1237.44,1086,osrm,0
365,3100.0,65.0,2000,Bicicleta,6.63,12,osrm,57
366,2400.0,55.0,2000,Bicicleta,6.12,9,osrm,33
367,3800.0,64.0,2000,Bicicleta,9.22,12,osrm,62
368,4140.0,86.0,2000,Bicicleta,1237.44,1086,osrm,0
369,2800.0,61.0,2000,Bicicleta,10.64,14,osrm,46
370,3500.0,81.0,2000,Bicicleta,1237.44,1086,osrm,5
371,2000.0,78.0,2000,Bicicleta,5.71,10,osrm,98
372,4020.0,103.0,2000,Bicicleta,1237.44,1086,osrm,0
373,6120.0,135.0,2000,Bicicleta,1237.44,1086,osrm,2
375,3315.0,70.0,2000,Bicicleta,3.25,6,osrm,58
376,2200.0,48.0,2000,Bicicleta,11.75,16,osrm,5
377,2600.0,60.0,2000,Bicicleta,10.79,14,osrm,32
378,3600.0,87.0,2000,Bicicleta,1237.44,1086,osrm,1
379,2700.0,70.0,2000,Bicicleta,1237.44,1086,osrm,0
380,7550.0,200.0,2000,Bicicleta,1237.44,1086,osrm,0
381,3500.0,138.0,2000,Bicicleta,1237.44,1086,osrm,4
382,8395.0,200.0,2000,Bicicleta,1237.44,1086,osrm,5
383,2970.0,73.0,2000,Bicicleta,3.59,6,osrm,53
384,3000.0,92.0,2000,Bicicleta,2.62,4,osrm,48
385,2620.0,80.0,2000,Bicicleta,10.95,16,osrm,24
387,2250.0,42.0,2000,Bicicleta,11.48,16,osrm,0
388,2898.0,70.0,2000,Bicicleta,14.28,19,osrm,14
389,9000.0,130.0,2000,Bicicleta,1237.44,1086,osrm,0
390,2300.0,93.0,2000,Bicicleta,5.77,9,osrm,48
391,2500.0,79.0,2000,Bicicleta,7.29,13,osrm,57
392,9436.0,233.0,2000,Bicicleta,11.21,17,osrm,17
394,2400.0,52.0,2000,Bicicleta,1237.44,1086,osrm,0
397,2900.0,55.0,2000,Bicicleta,1237.44,1086,osrm,0
398,4020.0,131.0,2000,Bicicleta,10.96,15,osrm,48
400,3000.0,75.0,2000,Bicicleta,1237.44,1086,osrm,0
401,2900.0,80.0,2000,Bicicleta,1237.44,1086,osrm,0
402,6800.0,182.0,2000,Bicicleta,1237.44,1086,osrm,1
403,8027.0,207.0,2000,Bicicleta,10.88,15,osrm,62
405,4500.0,2500.0,2000,Bicicleta,26.94,37,osrm,6
406,3050.0,52.0,2000,Bicicleta,1237.44,1086,osrm,0
407,2600.0,48.0,2000,Bicicleta,1237.44,1086,osrm,0
408,3385.0,65.0,2000,Bicicleta,1237.44,1086,osrm,0
409,2995.0,75.0,2000,Bicicleta,1237.44,1086,osrm,0
410,7875.0,160.0,2000,Bicicleta,12.04,16,osrm,23
411,2600.0,90.0,2000,Bicicleta,2.92,5,osrm,55
412,3780.0,60.0,2000,Bicicleta,1.99,3,osrm,34
414,1790.0,74.0,2000,Bicicleta,10.47,16,osrm,53
415,5075.0,154.0,2000,Bicicleta,2.63,5,osrm,63
416,6120.0,100.0,2000,Bicicleta,1.4,3,osrm,50
417,2950.0,85.0,2000,Bicicleta,2.92,6,osrm,48
418,3200.0,121.0,2000,Bicicleta,1.76,3,osrm,51
419,7200.0,388.0,2000,Bicicleta,1.68,3,osrm,50
420,3360.0,50.0,2000,Bicicleta,1.81,3,osrm,43
421,3500.0,160.0,2000,Bicicleta,1237.44,1086,osrm,0
422,3400.0,80.0,2000,Bicicleta,3.11,6,osrm,51
423,2700.0,63.0,2000,Bicicleta,3.63,7,osrm,65
424,1700.0,70.0,2000,Bicicleta,13.33,18,osrm,58
425,3500.0,97.0,2000,Bicicleta,2.31,4,osrm,63
426,3450.0,144.0,2000,Bicicleta,11.1,13,osrm,59
427,1850.0,41.0,2000,Bicicleta,1.64,3,osrm,79
428,4231.0,62.0,2000,Bicicleta,2.31,4,osrm,57
429,2600.0,45.0,2000,Bicicleta,1.66,3,osrm,43
430,2950.0,140.0,2000,Bicicleta,4.88,8,osrm,58
431,2500.0,89.0,2000,Bicicleta,4.79,7,osrm,58
432,2600.0,118.0,2000,Bicicleta,10.2,16,osrm,23
433,2500.0,102.0,2000,Bicicleta,9.72,15,osrm,62
434,5250.0,63.0,2000,Bicicleta,1.64,3,osrm,55
435,2200.0,46.0,2000,Bicicleta,1.84,3,osrm,40
436,3000.0,84.0,2000,Bicicleta,4.32,8,osrm,46
437,3750.0,100.0,2000,Bicicleta,7.3,10,osrm,60
438,3350.0,135.0,2000,Bicicleta,4.21,7,osrm,63
439,7980.0,151.0,2000,Bicicleta,2.4,5,osrm,56
440,3150.0,93.0,2000,Bicicleta,4.04,7,osrm,57
442,2500.0,110.0,2000,Bicicleta,4.11,7,osrm,53
443,2933.0,63.0,2000,Bicicleta,1.3,2,osrm,50
444,1600.0,68.0,2000,Bicicleta,9.66,13,osrm,91
445,2100.0,65.0,2000,Bicicleta,4.43,8,osrm,63
446,2700.0,45.0,2000,Bicicleta,2.14,4,osrm,41
447,2750.0,80.0,2000,Bicicleta,11.35,13,osrm,62
448,2700.0,43.0,2000,Bicicleta,1.94,3,osrm,47
449,2850.0,58.0,2000,Bicicleta,3.34,7,osrm,42
450,2850.0,58.0,2000,Bicicleta,5.8,9,osrm,41
451,8675.0,440.0,2000,Bicicleta,9.93,15,osrm,51
452,4200.0,147.0,2000,Bicicleta,14.64,19,osrm,25
453,2500.0,47.0,2000,Bicicleta,3.08,5,osrm,45
454,2058.0,45.0,2000,Bicicleta,11.69,14,osrm,41
456,1000.0,40.0,2000,Bicicleta,5.04,8,osrm,94
457,2700.0,63.0,2000,Bicicleta,5.8,9,osrm,63
458,5200.0,120.0,2000,Bicicleta,1.64,3,osrm,51
459,2250.0,40.0,2000,Bicicleta,3.5,7,osrm,33
460,1600.0,78.0,2000,Bicicleta,10.66,16,osrm,64
461,2600.0,104.0,2000,Bicicleta,10.13,16,osrm,5
462,4032.0,60.0,2000,Bicicleta,1.79,3,osrm,42
463,2500.0,59.0,2000,Bicicleta,3.1,6,osrm,33
464,3700.0,62.0,2000,Bicicleta,1.81,3,osrm,47
465,3987.0,66.0,2000,Bicicleta,1.78,3,osrm,51
466,1500.0,60.0,2000,Bicicleta,4.87,8,osrm,77
467,1800.0,61.0,2000,Bicicleta,4.91,8,osrm,96
468,3100.0,80.0,2000,Bicicleta,3.85,7,osrm,50
469,3300.0,66.0,2000,Bicicleta,4.0,8,osrm,56
470,2600.0,80.0,2000,Bicicleta,10.2,16,osrm,19
471,2300.0,77.0,2000,Bicicleta,3.7,6,osrm,65
473,2100.0,56.0,2000,Bicicleta,1.54,3,osrm,47
474,3000.0,100.0,2000,Bicicleta,3.6,6,osrm,51
475,2700.0,70.0,2000,Bicicleta,9.28,14,osrm,59
476,2400.0,42.0,2000,Bicicleta,2.03,4,osrm,33
477,2700.0,49.0,2000,Bicicleta,2.3,4,osrm,33
478,8050.0,216.0,2000,Bicicleta,1.78,3,osrm,65
479,1900.0,43.0,2000,Bicicleta,6.33,9,osrm,88
480,4200.0,147.0,2000,Bicicleta,14.26,19,osrm,21
481,1900.0,43.0,2000,Bicicleta,6.06,10,osrm,83
482,4200.0,147.0,2000,Bicicleta,15.12,24,osrm,16
483,4000.0,45.0,2000,Bicicleta,2.46,4,osrm,44
487,2000.0,47.0,2000,Bicicleta,4.08,7,osrm,74
488,1850.0,44.0,2000,Bicicleta,3.55,6,osrm,80
489,9254.0,170.0,2000,Bicicleta,2.06,4,osrm,60
490,3000.0,69.0,2000,Bicicleta,5.5,9,osrm,62
491,3500.0,73.0,2000,Bicicleta,1.75,3,osrm,63
492,1900.0,45.0,2000,Bicicleta,4.47,8,osrm,82
493,2100.0,57.0,2000,Bicicleta,4.75,8,osrm,35
494,2300.0,45.0,2000,Bicicleta,2.58,4,osrm,47
495,7590.0,217.0,2000,Bicicleta,1237.44,1086,osrm,0
497,3150.0,84.0,2000,Bicicleta,1237.44,1086,osrm,1
498,6400.0,177.0,2000,Bicicleta,2.66,5,osrm,64
499,3000.0,108.0,2000,Bicicleta,9.8,15,osrm,60
504,4100.0,142.0,2000,Bicicleta,10.74,17,osrm,17
506,2400.0,50.0,2000,Bicicleta,2.13,4,osrm,45
507,1700.0,40.0,2000,Bicicleta,3.63,7,osrm,90
508,1600.0,50.0,2000,Bicicleta,6.33,9,osrm,87
509,3700.0,120.0,2000,Bicicleta,2.26,4,osrm,55
